{"version":361,"hash":{"type":"Buffer","data":"W7ydmMl1Y3UPDa9MMmT6JQ7Yd/LU4XqWHr1Nn3kY9ZBoAetHj73XIJE33IgujB11BQwu7uEAGWZmiaG69Dg/ASggrYLQxyo8ibBBWnDPDgftwG4a1FLvdjGgACGVSw+5hrM2P3u1u+kTWhL+HImY7VuIfRzng8UkVwqipF82jJU="},"indexValueMap":{"AFm8qrWNraj/v11i6qykx3l9JaczQeqjOBKwwURPsr4=":{"valueMac":{"type":"Buffer","data":"JEI6qYstd9qn01wvdcDGouT4/vutS66Sy5J2bDutqFQ="}},"AGsyoUHz41kFDZmZeeL1wE+8HC8gKrts92So+DoDL5c=":{"valueMac":{"type":"Buffer","data":"t+YjskdWktVOxp7PBRkN/kgJ7ntUOp60SSGLaJoGTJg="}},"AThPhYqKWnPQZ/KXCuru3maVXjR1zxh5bSE9HEogJBI=":{"valueMac":{"type":"Buffer","data":"/6K2zZ3b5BZLkOuCLBQjaPhZ+w3pZSygspf0LaudBRM="}},"AYQTO1MAT7Q+7T6tHJ8MIlM9DUR84pO0Mh+ulpouMwU=":{"valueMac":{"type":"Buffer","data":"Alx7eMQLkkaonXsFER3QSnuesqPxNg7HooC3VTTdaTo="}},"AmkbON6pJMVn4I1xWPnyrmwku3SD2eJ7hdS5idBY5Qg=":{"valueMac":{"type":"Buffer","data":"6gZnMgnJy4rHm2Cu778TAc6bzFhfsE+EFe0txSmyON4="}},"Ao1Ghg/wVxUtKtgDednA5FlNSlPyB8EbJNvdotYL5TU=":{"valueMac":{"type":"Buffer","data":"mvHh9iF0t5GczNtHgK7wwgSpsUj71yzRF21BsTm5/K4="}},"AuFp/TeyR3iesGGnO0OtghsZUvxE1cRTxUVsnrHb5l0=":{"valueMac":{"type":"Buffer","data":"eq1r+IzOP9mcEfRxCct97gdID0947kJje8ElI1XEX18="}},"Aw/pY4sPzPjvuV8pFkQgJG+GX5juV/RRYerqGQE84R4=":{"valueMac":{"type":"Buffer","data":"5z0C/zXPCOSarXl6vO7PnoHjRNCBMbzTJu+3+xL2350="}},"BCQMyiPPhZ/MaE4vACvXyawfhRtStl/FF9vHHKP418I=":{"valueMac":{"type":"Buffer","data":"lND65oLF2fR/bg25puK7isd+3eLwKj0N2ilIBBG7G+Q="}},"BL75d61JpA9ftgI8QpbujzQOoLzSc8tQwElZ+iz59f8=":{"valueMac":{"type":"Buffer","data":"gG8UABBbY00GBnPzKsV4+391RC0DekN08+6fJjZzMGo="}},"Bu4KOtzCKGjT0JAzMklhGeKPaB+upyAjXy1D4K9DqyY=":{"valueMac":{"type":"Buffer","data":"rL5qlrfr/6jHUlggNrHaVbiHSojIq/htHiSwj9wjrY4="}},"BxUT8LtKuAgc+BhNopZYW0H4RLguVnB4h1nqBfz/f0g=":{"valueMac":{"type":"Buffer","data":"EqFkrPbr22yMqBj1BTvAuQ+DhNzveuy5PYOjOppKylw="}},"B0Q4SpnBxaoLptMaUCEZIYj/4DIud8jnZ4D98rlrf4c=":{"valueMac":{"type":"Buffer","data":"rxgaDRpCITyjMnF77L6xg2ukK5oBeryAR30kT9FgRQE="}},"B7W42yaQPpT8C4HseancLG4s5tMi8I0vJ7H46+1quts=":{"valueMac":{"type":"Buffer","data":"5ROqn+uqvKz+jy5JhxOny5CRmw2pJhx/AjY7V52FIiY="}},"CDQ4fSDVCLbv3nFXBw5DiKahaoMUJS50MhUS7PlgWPA=":{"valueMac":{"type":"Buffer","data":"EYd8ufd7cy/S4RZNOcZY6i+od+JTP7QLR3cHkEC3R5c="}},"CTmZLPXczxcbdN7nGyDc8DQDnxsvVIL1SFkR/NJ6bMM=":{"valueMac":{"type":"Buffer","data":"K69I4rHS2GT3IoFvok6JCDpJHc++chE6dJNduKQrHhU="}},"CtOYDWzT6OkHWZbSBDjllip8Ef5o46yrwEgP/8unn7Y=":{"valueMac":{"type":"Buffer","data":"ObGhSi0NODx5yruU7D8eRNYhsNWnibTM95HtkfQwzTw="}},"CwjrZKcOE9xn8dOTOY7qXjm6AXScQPY9FYQrOUJdAwA=":{"valueMac":{"type":"Buffer","data":"OCkSNe2aQIgEgjUDu+7VJnw08AubTHAOu4D/SmKxkdk="}},"Cwngt7RVNUo4q103mjlJOoOgHipdHh9P3cqoEBb1mBs=":{"valueMac":{"type":"Buffer","data":"rwWsSGdHIY7+8O9/epC6T+1wc3aZwx7d1ehinX8BbbQ="}},"C3HscA17dpbFAE2gzWpjZ/hHIAsBqgIWP5oy2chNHQ0=":{"valueMac":{"type":"Buffer","data":"Z0P7ssg8GqgaYVi/385V/piZnHle8wdySi44aO8jHvA="}},"DAewVYYOigosdyk50V9JV086vr5PkMNVqAkGsQYbBP8=":{"valueMac":{"type":"Buffer","data":"DIKft8fbFI889iYcwLnR2v2OFlBhMHD8rhxxrksMEaI="}},"DmE1fMJKdTQxVu6sXb/6R4aWs0gXR+DgSj01bLrrxQw=":{"valueMac":{"type":"Buffer","data":"4CUS25PBLh+IOSFjigF9w9vY83li2y/33uszkeRSXP8="}},"Dup0dtDElHWaGLC3UOgWHd+t1V2+8YxOBTvDU6M8Uro=":{"valueMac":{"type":"Buffer","data":"yVsmUT7NqBs11tyw0mWgUE0drtX+fdX61VKwlqtPiGM="}},"D09Z4beMVnXOsxPGE7ES/M849NbYDz+x4A8Yt9Sea7M=":{"valueMac":{"type":"Buffer","data":"TOzZHT6dDoJ2PAx1b8sQc5KOyvmXyXuSFLyWq1fWXek="}},"D9KbhdwxldKM9fY2bh51NPm277O3lL/UtYCnrDC/oy8=":{"valueMac":{"type":"Buffer","data":"Z082C4UiOo6sO0HIGF1y1M80tHZmr23kcSCo7bPnIHU="}},"EBMKWZDxqYnR4cEX99Og0yFGtr3jq7kUJIM48/bsT5E=":{"valueMac":{"type":"Buffer","data":"s/nB/Njhi0YLLHi0kjnW+ssRpxqtpmruhBtASJHMa/A="}},"EYanrcJLUJyx1qnrBiVhnid7+yQg3WpCi4okxR9xUKA=":{"valueMac":{"type":"Buffer","data":"9fp6QOJy9wDRGvVoR3D71bNeRy6kXccbMiMpmfF1VEA="}},"EoclAB2fGDYFc5d0KfWa504tA3/soLvGNa7w/Fo8OVI=":{"valueMac":{"type":"Buffer","data":"QvIvp3PYvFQPemsbPLx98dZJMZrL/idN+AgrHkqs1Mw="}},"EuzVF+BYnV+OWfMWcI7nevRoDllnJRV+BFB17VxHjJ0=":{"valueMac":{"type":"Buffer","data":"930W86KNcD/r6OvKOpWn7hOm3wk48wCoyjqkDKu8Z0I="}},"E+ap71tafJahM43emy5NKVdMjPRlx2NGHjv7ZxItWmI=":{"valueMac":{"type":"Buffer","data":"tLDcCFvgKRhm7HTHlw1cu4LPxSwy5YPtKfo46E2x7G4="}},"FexWyDKKTAoBd6MDJLFy+E5COxW8CeJjK4XDcQDyqtg=":{"valueMac":{"type":"Buffer","data":"k+171cGEQ7/LT4aNUTTqb4liqZF4TYDa60fpn7XPnvY="}},"Fz0RFk592qA00ryfof6genx0PvtB+6HaN9QYI5KG3kM=":{"valueMac":{"type":"Buffer","data":"LZm4jw9cb9WLpPFJOR5hWwVjDa4HN7NwWdz9h1At4KA="}},"GOadV5/1BNhDdXmDTAgPz8gqYR3UX2fSjGhSoiEwqEk=":{"valueMac":{"type":"Buffer","data":"kgFfUPPAsNnrGUKs2zkImWH7VAC9rYGvg9aAWphWjkE="}},"GajceMz3wywxE6sKm5FwVATuXsO5xAIOiWOSDrsjhR8=":{"valueMac":{"type":"Buffer","data":"7LPXLX+EZpjDhU5XrTHI+PK8hq3MzVurdXm8qmPjgl0="}},"G7NomLlYXhHRmBWwclD+dD6MiV323MuOF0L4N3uGipY=":{"valueMac":{"type":"Buffer","data":"mYPgUFSHW8aNv6f9X+vKv+tPNHNgYkkUqbR7geSf4oY="}},"HRvfCZS71pk3ORlopdwt+A4IoAM/DXueIrR4NiALPZU=":{"valueMac":{"type":"Buffer","data":"fHQ3PQE1xNqLJVe5iZcQULdY/Qf40C/6AcBWl3o++L8="}},"Hr4ogDD8xPfA7MnnUTO1mLrrhrS9GS+X62A5uFAO0W0=":{"valueMac":{"type":"Buffer","data":"OdjkJ59gSkHHQTwOeLSjOVkVMfTr8L1Zs9zhCZMm2Ws="}},"IW8Fj7GlFYvN+QFeRdfttKQbhjXxLsDuiSOyouVhVVM=":{"valueMac":{"type":"Buffer","data":"RQ5rU1K9BRWfwlrcMku2lAwvHZLnk0LlHbJma+JDczI="}},"Is0SKZ9OcqYqgw+7Zwg0LPX6AGzhmZb6akHM14C9qiU=":{"valueMac":{"type":"Buffer","data":"dxztM8exSo7eRDxytJIXNmIlBd+kVLZDry2mFxJ7qpc="}},"JBwqtDV+q4iIyLG6s2+WwfmxI9c5F8YfRHHnv8BzjNg=":{"valueMac":{"type":"Buffer","data":"ep1QXM5Ffgwf3eJ8SEXsa42Fr5WGWCBckq7cGVT2/e8="}},"JmpPInZD2PwO8u5s7eC83AUoOsDoydX7A9urx/FqpJg=":{"valueMac":{"type":"Buffer","data":"8prm3ZYN6KlcXEL8TiewrMjBVVTLTCBxlQdBH5vTArc="}},"JsftAUsbwGf2yhmk6nWKvzoc+uBJKuTLgLOEPD46eto=":{"valueMac":{"type":"Buffer","data":"J4IQYj0s2xgU0x5bq4fQEznY/oFeZQgFUK8cT56Xs+c="}},"KT/Yw9n69iMnMqZCk4DyzY13zIPAWF4mZmletKMpfzU=":{"valueMac":{"type":"Buffer","data":"x/bd5IV/ow/pnEYfI+WxwpSZpIAzSDksEok7+jnFRqA="}},"K0VJVZT2FPcj1o7Y+5CZ/wHzvsuj0dLytDlGwqpvGg0=":{"valueMac":{"type":"Buffer","data":"CdLldLFTRBvheVl8or0x55SQ664yNvfyn4pu2qTzJTg="}},"K2Nh4oFe70oB2yFKPzz3Vfd/h37QtgBJHwj41aq3Ylc=":{"valueMac":{"type":"Buffer","data":"ET+GiL4gfsgLP2OplnQI/nIzFCg5XeHF5Wy08Xr1sWw="}},"Lg89/+HT3ftc/eIuf6JQUBN4NQ1z2cDiegdR3WPlcIY=":{"valueMac":{"type":"Buffer","data":"sOHTIF/oLrS+qaJfpxXDInXa29OVw+wDYjAWhFJiPyM="}},"LxqSsi2yoX6CEHzaiuXaFkjcRuk0tGHPbox3imjUT5Y=":{"valueMac":{"type":"Buffer","data":"r2/dTOaw+ngbDBrpc1t623CoZYYFCRFpFZznCXqlc9k="}},"LyMZxOH0eo44slHhM44+wvS0pgtaIGC0iTgfZ4qjJpQ=":{"valueMac":{"type":"Buffer","data":"FwDn4nO+g5SCT+OYj5mHJlw3Zk2vPF/ZQ7QSiEtnpF0="}},"MIISHEWVeX7BRrhiDiFQYs5d+EfBrzjWT2bIBEIZLlQ=":{"valueMac":{"type":"Buffer","data":"D11QCZXndkNudNPWlO/uBgRgY0C7AjymthmEAYmmLpY="}},"MxYodyXRdIAjIWGN3rGeSE1Jvi7NI5aZeFt76xKw7Oo=":{"valueMac":{"type":"Buffer","data":"keMxlSNYfFgN98R73vzXIGlMn8r6Qt37MjYbWA5MoR8="}},"NEEyN+fXS9olyHzhB5LIGzJ73+g1PGJKiMfIqrAEFLY=":{"valueMac":{"type":"Buffer","data":"/8pM3/7VG3MHBQsZZ2VZowSmh+AXKIGKvUVDBb+hltM="}},"NgsM/ZTb/TT/jFrQhTCD4Xqp3Q/rn/gI03oiEiEY8F4=":{"valueMac":{"type":"Buffer","data":"xYreHsx3Qc5hJMPBuwYU6NWKoclrT76tPpraQI8H9SY="}},"N4HC8Ula/oU7TTyLZJc8VB7J05/eWzOzWf7ARclfiW4=":{"valueMac":{"type":"Buffer","data":"SofU5A9xSRAQKXOv/GuH0aDraHExG4a+gzHW6z8O3A0="}},"N8izbMQtOOGnw3IPYiJat7VHk3uFVG4vkWYenpobtlY=":{"valueMac":{"type":"Buffer","data":"2v+QAfwT2BMiPJ6yKYZdpUwXBG5zEEFzWthf7QaU3b0="}},"OCx74h9V2aunRtMf1BjSIQU/Nq8pSnAkdv9sd3bXZ7o=":{"valueMac":{"type":"Buffer","data":"aaowdp++mM74vrgBfHnXT1kMVIWSjXqqaJCYwi2ZTDw="}},"OFlAEfdDTGke4fkAS8/9frYZ7AnV1ZXv7vxR/mkK64Y=":{"valueMac":{"type":"Buffer","data":"BdB8kPxVF6EE61NIVsiPRG22rSUo54OVLa0WTxbvZdM="}},"O0aIRG4Mf6i4zrUAdVoGlVxnwnmmv738z/ZZiWxAlCo=":{"valueMac":{"type":"Buffer","data":"9VEBISN4jeKxkDWF2IzwZ8acONtiQysDc7ZiB+beX5E="}},"O893nh74nV+p7lG1/qC+CisSMil4okT76b+JBKIFz9g=":{"valueMac":{"type":"Buffer","data":"y8rYxiL25Utx1PNk1eiwr/kM8POlKE8PRo7T1+cTTno="}},"O/4NJRrRtJZMlyhJh9k3htZwleLMBGyIUO1MP6kWBCo=":{"valueMac":{"type":"Buffer","data":"AuAYCdkv5hfwRM5MwXISx69DSr54Pqa6tFhnL8oamOU="}},"PCNVAOxeJzzzwkzmU5KdM/K53HI+dxPlVaXzKdvtUZk=":{"valueMac":{"type":"Buffer","data":"obcHdTOIq6P4nQjlBDAJ4nLI672LV+HX5AdSOWUmxHM="}},"PQV3Mke+MKsgA/ZbsJV2C3cFrzxkr2gmQ79qDg92pdE=":{"valueMac":{"type":"Buffer","data":"eRxoB0cb3Eaz52KwVK6FcpMJb046fG+NtZBzHiLyhn4="}},"PrE6kPM8UTzxXAiMN7Z4hD6wnAwyQ2NLvyBUgUWywaU=":{"valueMac":{"type":"Buffer","data":"I5V6vY/sP8ljeyqKc27YoidFSxZphf2KXlKGUDw7bzI="}},"P46Bj6rf7pSynemi+TkJXRBOPVQmdlwebcCtxnvNLVA=":{"valueMac":{"type":"Buffer","data":"Sd8u5GlU0IlxXM7Xa1gx80cxuvuBJlyU49M3EMcg8hw="}},"QB6GJL7Yl0yKi+R5TikElZSupVOEgarQpUdA0ZQYcCQ=":{"valueMac":{"type":"Buffer","data":"dU1I1CU24LGrzcoKtA0p9MffYVHc0DWCs11W5RCnReY="}},"QbPyYJXMv0YcxM38IEy17Ue0gFZjkqiEM0DPr5TFnHM=":{"valueMac":{"type":"Buffer","data":"5wFIjPkebyhhNVBMNTQ8lNzE0MFpgqg6XaQ+4i1NwKw="}},"Qs4dq4wGquL2qQSuC+JUx8cAcl/iJX397xJYXDLDn1s=":{"valueMac":{"type":"Buffer","data":"t/D+dxC/0fpZ3Oag0Yi4jukLpWTkJuwFee4qFX+S5oo="}},"Q0fx09zpXLcSiH+ZbmbXs7/Sp5ojC2NAkJuWHFbsbSY=":{"valueMac":{"type":"Buffer","data":"mdxO32u4s62VBkNrr7yMxQl9tDQEI2ir0P//DCEL9ZU="}},"RPfS0mhAfIXZN4tYvk5nPOfDtHb/xc7JSEzSbz6cYAM=":{"valueMac":{"type":"Buffer","data":"DhkMXqCwJp/r7N1Qr2nLatu74PtDlCC9YzhDRFpZ0KU="}},"RqNLuO495/dV7HgEE0eV4doovvfdrT0QfmiqEjc318w=":{"valueMac":{"type":"Buffer","data":"o48x24NXPQ0Y1S8zbfU7R6cIS/GGWvvjgHo+hxFMb64="}},"RvHMtC2gRnnQd7sr//7qujA4TUGat+vfIgdpkqGn6cY=":{"valueMac":{"type":"Buffer","data":"xf3oNDUxnmGJ7IEkIDUeDHr/AVN0wU5zV6PWrOoXcTo="}},"Sh6EfRwHJ+/ndqwgHNnCvJdIqxndSd9V9I6Y61uYGqs=":{"valueMac":{"type":"Buffer","data":"S2d9vvnecZKdmzaaeQihMEqX/t3nO7Y4r3Re/daDLyo="}},"S6CwA5sZ1HtGMcGTDiWN5hvWE6r2LmWq1AmCCWklmos=":{"valueMac":{"type":"Buffer","data":"59zBXIIoWuLPs5Hwt7aBrWJsQt5if9ND1SqttCywIYk="}},"TAL5sXnh6Jn8OBZ7Yunp1fUZPGOqhd35L3mC/NFzwUo=":{"valueMac":{"type":"Buffer","data":"nSvNx8k9tZeWd9aBuC3zauOgHvGmNXQtLklTibPtXI0="}},"TlzQHvKTqGjIBfyYFOyb9iqPWvfSmB8+4bGMuqKIESs=":{"valueMac":{"type":"Buffer","data":"1lAWNCeMNmETZbKOVpmU5CNyNIjuWX6QgBov2WHtKLI="}},"TwLmordjqRfNtEbCRycaJvMxLbY91ORF60ol0jyc13Y=":{"valueMac":{"type":"Buffer","data":"PxqsGkGXz7IE8yGE43UsiC7Dy0j2DbJuGA0olpfJNKk="}},"T3jKemkvA6P0CQbr5djH8cM4ujMcY20ege6VvZvZ4sw=":{"valueMac":{"type":"Buffer","data":"Q4P4eo9kUq/jycq2iwuwS7Q1rbPNUjfPq4PHjrHazYQ="}},"T9UIJjhL5oAHMELcyAo8mCcCsVkDIBQHJ0y41kqG4Po=":{"valueMac":{"type":"Buffer","data":"tYf1KGndtIW5r3tmy/JnSp94LqUvYb4VdX8j6uoltzM="}},"ULdu7dA2xQ+A3y4qvhi6+CzIlzzicn3Fbbi4wJMz5J0=":{"valueMac":{"type":"Buffer","data":"AzxBbqxkmgrILbkh6wp3cDdpl2SaGmJLEPwT+uOuofs="}},"Uol5maHYuVPxy/5XsnpQlQNfYMsB3/KmALNCFnQMSZg=":{"valueMac":{"type":"Buffer","data":"FpsW5TouFWs5m7UT/4uIut2Ew6liGVqm1DWhzD0ld/U="}},"VSKm4IWy51h8TL4ZwYu/VicoDkE9sHji8hSNGMGfP9o=":{"valueMac":{"type":"Buffer","data":"oI/QpKeH7uVl4bU88/1lf8LIRSQT7ZNh7YMeYyImk8g="}},"VVvFCytqAWnOU33ZUJBRrDBDo6nWmw+whLAs9xa2fyg=":{"valueMac":{"type":"Buffer","data":"tFQxw9Kyj3ZD6RcNgWnNQwhSheTvxKNNnfurpGQcf/g="}},"VcHLlLQ7//Eq2W4UxibixNr3GM3w+lQXhc8u42tS4gs=":{"valueMac":{"type":"Buffer","data":"v/2/E88kvYJqL7L4bARYkBc9p3ElJXjo/vBncb4Qbbc="}},"VfEiQHMOef1ibRpQFsiO4uleV1LPD9mY0u3iuREggdI=":{"valueMac":{"type":"Buffer","data":"YxWrYgnh9cu2BGyG4lo9crX/UpClqigbFOi9YH8KUPg="}},"Vg3qkgq7g1pYys0Qn3nYOUegJRb6MdkwZjC2ny1e/gc=":{"valueMac":{"type":"Buffer","data":"K9v28N7P4KUrQ26/Y17FcGUGom1/qK+IVi404LsKnpQ="}},"VnLfbf+YntfMuf/528R7HSW7jwhm7Rvgc9yG5B1nksA=":{"valueMac":{"type":"Buffer","data":"2cthS/hzmqxgBQ0nD6VDQAlAPYMIIV8xpMNMssv7IfI="}},"WFqKYHEVd4SE72KZ1ji0a52Pf8tijlcUd0ww7Hy89yc=":{"valueMac":{"type":"Buffer","data":"gAJTcQXzDMqwMMI2Bc/Q3QrdF3rnlaySZKwuog4D+zc="}},"WSVLSmAIugEqozaKzv2aO3SHG4uY61d2l+HGQ0PhD+A=":{"valueMac":{"type":"Buffer","data":"bsV2NcRAyXQF6fy5yMQtekImjAtngTD9jmn593S7zl8="}},"XTOZwncoziic8fbOREZc/t6n2RECObI/m1Z9LQzmHno=":{"valueMac":{"type":"Buffer","data":"QKjIYF9X9vbtdcS1CofRKMeARQFPwJA7XSj4z+SVLsw="}},"Xgb7RSxCaayTHJ29fa257kFso7t2FLtN38NkYnH/xbo=":{"valueMac":{"type":"Buffer","data":"9Bb2/4ScNgp3iJN6FMLPTjHjPegBPh1OdaXIu4PRdh0="}},"YLrKblRs3EWSzCEXoOAgkSwQ16afRQNXRTcHtSY3pzk=":{"valueMac":{"type":"Buffer","data":"wcNCTuOaswUZ0njAvVr3VtNSssiwu6EJF8KHI56evjI="}},"YzFtyM2vFyALi0b82I6DQRFZ/9WlTrUj1w/IWg1Qu8A=":{"valueMac":{"type":"Buffer","data":"+vc8d5jeDZUW895jpz8J+EVIcc4J7KwMLtesnCEtpns="}},"Y6eR3ALr879Fgrv3PUX2rQspRGfeePne1F1B8U7kG1s=":{"valueMac":{"type":"Buffer","data":"EXiZcKcOSs9FszTZ/9wr0rjQkJMK04blvdhDk0QJxJY="}},"ZPLCAFHyNbCexigDFCa3pcypR5nClP4p7J/hVhT0EhA=":{"valueMac":{"type":"Buffer","data":"aa+i29iwnO2N+wzcJVf34MO07QY/JXBZJCyF+r4sJkc="}},"ZvHR6jgvXBAR9g+ACrf3fX119tx6XpPdn6BUHBEprtE=":{"valueMac":{"type":"Buffer","data":"Yj8rjFcriCaBxelckjN2OCP2I6jd9PDsTfJyAcoUcQk="}},"ZySU4Bwac1mhPJhAbTLEyTHZp/Q/efij7ibQqHILLVg=":{"valueMac":{"type":"Buffer","data":"7G6dA3Nm2eqpgxgDBs5Xp78NDTxBBY/T69Bk4da26+o="}},"Z3P93+MyLCY+qYuXeR47gLvhB4X8hE/AZ/r5M8ajY0s=":{"valueMac":{"type":"Buffer","data":"HDS4WKEtzR0HLHJlp+gQGzyDBS2TYVZhsnZunPRNdHY="}},"aFaXfwPgmgxn9v8eSF9yC43g5mj2QJ2C4wAiJ2M55JQ=":{"valueMac":{"type":"Buffer","data":"Ty/sA8D1L+edvWINNUGeQtuiJKG5AjQymQkMRnULQ1w="}},"aQXuB9qH1hcP/BP0gji6ylevIxQyCXIZBbz7uamn50I=":{"valueMac":{"type":"Buffer","data":"kxVlvyTQNeNIn6Gxg/cond0iSV5HShDM7idPjkRJMz4="}},"aS5vWGY5bIlkWkGeGW2sxAxOavzAc/xEfGtuw8N9a3c=":{"valueMac":{"type":"Buffer","data":"gO7j2d4JyQL61KnrhxHh6i2WjJW08zejLk7/pmkcc6k="}},"aben6P1u8aw+VfpuWe+I0B+m4ctPkz/BQJE0uqZ8j4A=":{"valueMac":{"type":"Buffer","data":"KKsJCVvyS/MSwCMJeqycb1Rp35Q5POzird7CFZaqBHk="}},"aoAVcdwCbouKPVTFmkf0VG+Nr8m+KvnFrUkgorg/q7E=":{"valueMac":{"type":"Buffer","data":"0N1KKBrOyXxZfjBA5rY6Rbn3VvnlcbqEIlqjwlOvJT8="}},"axVrAsITDmbsyZmBljlnA99pf7n47NpUncM8DZzQSVo=":{"valueMac":{"type":"Buffer","data":"dM0BfXOWwRnNdM/whWRQywMzge5+XFIK0PVt5JahOuc="}},"bL+HX4pBjTdbkCBycWAIU6NpBEhQNXCVN+Ep0WYHUT8=":{"valueMac":{"type":"Buffer","data":"FDLPnt63HCY1T9DWQInTzRjQYoQATj7q3Tm1X2lK+YI="}},"bQ3tFHHfPp/DazFcrJm8m2wMKrORNRDsKlj9YX4gCjk=":{"valueMac":{"type":"Buffer","data":"+4RGxUMbITXgFV601AIKSyI67MsnYuKXYD9SKp5bE4k="}},"bXcLHTPKYn+GdJ/lIDnpJwytKSqTwus5XIeHSJMTPI0=":{"valueMac":{"type":"Buffer","data":"zprtI/8tJ/u4LPPZXtsXjMxm1YwsmHEhcuGntmnPbjc="}},"bogmYc6Glu5Rk/EQCqNFj58En5ob7AmGPB0wQXWXw+0=":{"valueMac":{"type":"Buffer","data":"HtJE9Y94CXf7OgjSRnCKOJZ9Hbue8dwHPdW/4oazXew="}},"bu5yt4nNLc2K5tkDG5rY/pxTWhp5Slv5fWVAHyvLRgk=":{"valueMac":{"type":"Buffer","data":"D/G6lkgv/Mb0kJY86IncPC08ql159V9HVKLgWtxDEaI="}},"b3b3s0WFCJ4bUyuH0SogxNUgcnK40PoWMZrCig/IgA0=":{"valueMac":{"type":"Buffer","data":"756hbCjoSkr5h8XQNZW+Jrvj8zg0OfJs82dznJjseBY="}},"b/2kFzJhiUkrLx0Y0YBZwH0hgBKIEMhE94jApYY3IOM=":{"valueMac":{"type":"Buffer","data":"GJr4ncp1ILy6n/JXTiHLzavieQt0rOGqFBAvCDf8QWM="}},"cJZ/Ni2sCEAyOhMi0X26Wv81CgaICAo0xtk3+BABAyQ=":{"valueMac":{"type":"Buffer","data":"F0I/Zk6fvjI0/7LtMAFiMXaquDaK58yZMVw5HKrj6fU="}},"cKqlP8lEKMLe7FvXUzw3fPKODMC3GMg+4dH/koFElZI=":{"valueMac":{"type":"Buffer","data":"vpIDxTCkFdliDsBdtAApc1V5SD42akRkMjl/CgsJHpk="}},"cVrjOet0DNlVyLCYVzntvW4VItzSBlUOWbOXhvftbcY=":{"valueMac":{"type":"Buffer","data":"xf0+mI+B0PRtPTG2MGdKujuQpPRZtHZZ54erU3mg6fU="}},"cvxmWwE3jWySpkZROpWbX01X0cJ1exSpLthpsShyp5Y=":{"valueMac":{"type":"Buffer","data":"RiUTdA6FD13KxS2Boaf6+gNkovfFhhoI9Ymki8o8K04="}},"cwP1uGtbPboBKjtHnyahvHifzDDE7JIoZHyXKa/8iLA=":{"valueMac":{"type":"Buffer","data":"KElCzhIP7dwqqjPJ5oLs3wSLEdF4pjBqYtcLNy8Qnw0="}},"cwmhHW80MaVzagjdjbmL1jGFEXE33y4gt6L89rYBKvg=":{"valueMac":{"type":"Buffer","data":"H77Z591lGOXpQRpFvLFZYyXu65DtK2jS+rgaWBVEvv4="}},"cwtRZ2rDyh7GvBvZdQGZaocD96HzriYpoloAPR3zGw8=":{"valueMac":{"type":"Buffer","data":"DIKSrku87OqDRHqJwnpc6NPx4p6X4prlhXjqpzCPlPM="}},"c02V5ejWk1EUT9nV8RGXryGqsLV6mKfqrbFqhytRiO0=":{"valueMac":{"type":"Buffer","data":"q66qd7thNvxyz++OQRWK/ujQuLDfei/Oj0ftwzJPOe4="}},"dD45WZAN2eT7L/OSbj5ZWgFagsofKQy9VMs+YI2FKAg=":{"valueMac":{"type":"Buffer","data":"hX5xVy9olh8FbflGt/9eo4GAu1rQ0ipPC2plC2zyPao="}},"dYByZkitpqhof2R1vEQKHvQC5myQN5VqYqhJc6HQARk=":{"valueMac":{"type":"Buffer","data":"J1AsmIW4Wtyv6la+8c/M+c8te2rJgBikKmD37QS+vQg="}},"djlkhhtYv0oskjCHtu5ZtF+8OLbkc7GyRUDvOmb5Gqs=":{"valueMac":{"type":"Buffer","data":"WuOGjPltNbfsPqJeq40AG7LbVZ2OlhFPX/GHjpGdWuE="}},"dtKwz5tbnnZAb6yQCkgr8gPWNd986S2h9K7AkL1wJX8=":{"valueMac":{"type":"Buffer","data":"BjjcPDrbGy/YbUfUNjhp3pwK7mbP0NrfpVOSaWrAU+A="}},"eN/uRA5SzqHXlF4sOHNmrN8OxT9vzza3++aiQdS3+AY=":{"valueMac":{"type":"Buffer","data":"S0JMgPPWzDS5ai16kcnR+m98cfJ6sgTPE4wdpL6V0UQ="}},"eZN3v7waHhs9xej2kU3Nbi7w6po5OvU/kX0FMMxD0/s=":{"valueMac":{"type":"Buffer","data":"e9PmDxx9AzxIYsYEu9JJe4oaC0hmM0gBOvsCKL8Kx2g="}},"eboEYtkNO1+XLMWuQj9sM+iz7N1FLdgLysL59BZlYoQ=":{"valueMac":{"type":"Buffer","data":"gIS7HU63x2vWGA/zMTjDLQyxAjy4Kn9KL7gV97WcWNY="}},"eb02FUcAKzSPv/J5ksoaN8rggstgd1e4fdXgqeuC0Ns=":{"valueMac":{"type":"Buffer","data":"J6Rwn8HWzdqUgnpu6t3U3j22DG0/QA7tL53TYGuvdnk="}},"fRuM6z3tRJDB11BT0U5lx1FX4612oxX83hfKNGkOZy8=":{"valueMac":{"type":"Buffer","data":"0OwFqBStcHfHkXynRjgDGomvVtZC74U2y37w62/5T7o="}},"fT09EE4EJM4zUEtkL6HJuhzrUOAx3k32RLre6sb/WWM=":{"valueMac":{"type":"Buffer","data":"WvqkUS4rp1voB9UOBDhvEZeSIVknqYkkGXsssAF+qcA="}},"f6RfTu0kYuUXMShaTVyQgZCZcHItC+ZFuixAPo1f4tc=":{"valueMac":{"type":"Buffer","data":"r6fC2Fuf+ZiFZStxNIkidxiotYGZkvEPJNIpzCbGQEQ="}},"gf1OyfZY9NZIjxRNgKnrxlbHfl7C4lvWYXJFngs0Uhg=":{"valueMac":{"type":"Buffer","data":"A1CV0joedolvQzAaJwMFDM7fS4aQ9AcE9JX0cQyrqkw="}},"ghRAVlt7BgHbCiRfQ9ilF9Sj2QWqerteoM982Rfmm00=":{"valueMac":{"type":"Buffer","data":"tAaaO3r0zeemHSYOg7DH+aakZd4nyTKvCiuN88vYXF4="}},"gmUplinEpUMUVFmX/LZzNMxRwcuEHlrfpCdYWVIWUiU=":{"valueMac":{"type":"Buffer","data":"uXf4WwfBaK8+Z2B2KC4cDEmkez43f9aWKe3Lcukp+cE="}},"gnsyuCP/POtCJgpoYkwckm0U43l032M4IIkvjiQUflA=":{"valueMac":{"type":"Buffer","data":"qk67EJPNnaj93u0O0DvB3DrLumFh/Wj2BJjDFfu3RVQ="}},"gq6CyjuR5//OcY3hHSuYJPpfFz4eNNmEEhE3LKW3L0E=":{"valueMac":{"type":"Buffer","data":"W4kANgybMqYzpqmRLUA5tC3LbMWpfNymqvbzLNrBctg="}},"hR0OkrtzacFBuHoDTEm0gghrkEPUOI/g826mbKXE7XI=":{"valueMac":{"type":"Buffer","data":"OJa0DkGOAeBsdvZFzBiXOoS9m4yPZ/BGCxnQx31qk4Q="}},"h73+XO8P0MHtXj05LInT3TI/FCS6cHO2mkYv+1495JI=":{"valueMac":{"type":"Buffer","data":"5ly2nzu5Ai/i6MgArZQekTkKah8e1nciJcpG9ERz/f0="}},"h+9Et0eYoSBry0AxEhxqYc9BpDefIs14XtTh2DmNRp4=":{"valueMac":{"type":"Buffer","data":"OPgnMKYu50pN28FCzUgn/01WMZP1ghrjjr3TQFgEA/E="}},"iBolRxEIM28ebQ8kp3aLFpAjbZ8t64nYeCphPMilTg8=":{"valueMac":{"type":"Buffer","data":"JdDFslzG/1x4dxfZgeYCKEellEM9q8JF68XA6JCeV4Y="}},"iTrCbwD314VdUt2tHh1f2BSpoFttvsJGnitoHihZC4s=":{"valueMac":{"type":"Buffer","data":"Ed+hKWKZMtRdU4s/PTbJ6trQQU16avborgknOabfNPo="}},"iVajWU7pu7dY0gHdSCNt7kCP3iJDz9wyxtK1EW8LeNo=":{"valueMac":{"type":"Buffer","data":"l+1708Z7dFc1bLS0oTc5zS/ySQCHWDdRBerupJ4NULw="}},"icuxyqXIYsXnDqgDHNCnnK2m1D9X2ehza1sPUHme/Vg=":{"valueMac":{"type":"Buffer","data":"02Qxfrx3VlVQsh7IWhzvniwq6znGM3ELjMeVAzL38Kw="}},"irVUmMjHiIi5S6t2dsfa6VfaFSbrazrBC2Zvo7rD4G0=":{"valueMac":{"type":"Buffer","data":"4GQjxx/J6QGKc2tf9jCiet9MlyiPspo/HOPlxwP279c="}},"i6qzFy/sLPAPxVK944ZCQ6mapkKzPGItScdyOggknGU=":{"valueMac":{"type":"Buffer","data":"qtgvAYdFiIRGmGzQcnHYf8iDJ071Oiy2zUjeODGkBqE="}},"jL5+IVRktKpFne/ubMMw3w18cvUqY89gat5VsKslFpY=":{"valueMac":{"type":"Buffer","data":"kbfyd3ehiGEQg+ZtnPt8rJK01fSeQ2jubiV5jAPLgGg="}},"jdo0iNP3FmqS19GzHfC301wms1j8bE0yqz38l985vSo=":{"valueMac":{"type":"Buffer","data":"Uta3pFiFx/zXSnVYCqlJkfkMdWlekqGGrfNv7bMym5w="}},"kFzl+p7teh9KMqAKSd2oOEa+0ocFpzXbk2/0plNaUsY=":{"valueMac":{"type":"Buffer","data":"yNwOJ3XiRKnFQFvNLIiVvagLVPW2K3M3LBDcpDI6ThQ="}},"kQ4uFx7tnjROPd44lZC9aB0m+1RaqtmPEGSZNoaH8w0=":{"valueMac":{"type":"Buffer","data":"kh4VjYNt4mDPcpSfsj3KJs3HUjG8vWimn/pZBAok1UA="}},"lnMJRohcntSYFlE1Cx5mo0Vevq9MrGSbt4dmRF8bxrw=":{"valueMac":{"type":"Buffer","data":"KHJfzi4388JtNUCCrjMZLiHrz6MwRrhSt3Z2CXzb+CI="}},"lpjmlQwY+gQEgydKkZtaRwlczjC7aZw9nuhOhme8Tmg=":{"valueMac":{"type":"Buffer","data":"l072tBySXtrlASWXqLqyf0Vqydok2UHpNMQlGuQMJdU="}},"mJQ8iDlMBWZkJwp1qwHbfKtPjTNfFt9JlU6IQY/S3cY=":{"valueMac":{"type":"Buffer","data":"F3NE/xtO9PlMPus+aCq1jnMBlxndVxwunCEs6Md2GKc="}},"mKofCSDctqEnQtJ+4IGBuC/X6zyK4m6tBceKZGW3ceM=":{"valueMac":{"type":"Buffer","data":"nrrDm+YKEda+SFkZNqh/AIFvSLR9U1BwPbI7OVwvKmA="}},"mawPRqlTlPpA0KhBZhxF96Q860YuF4/2ZIn5X3bs7G0=":{"valueMac":{"type":"Buffer","data":"fq4+mcDcpEsMACW9Ok/dhrqY1NzwkzE3jaAqg0hGdLY="}},"mnlp4mhhS2H7YW/Io5cLTNFnYLp/PTOgivA5NpiXimY=":{"valueMac":{"type":"Buffer","data":"7ouCY0mepEwCNwNoup4foipqRfs0eIpBOcDDNwmkn28="}},"mrchJBoX/GngQBoXcscODtLeZtDKLg4voxuhBRJZA5s=":{"valueMac":{"type":"Buffer","data":"bVh/kSZgqdxvp5cDHrGq40G4Gfbqb2EKd8ymrOIDp+k="}},"muARWyq3OgtvoTX1psOtEfmj2CAHZaROSdNjUZOV67E=":{"valueMac":{"type":"Buffer","data":"AbICvGrjXCOKdXpB02yK4iXh6EXfvNTAK+3pFL6Cxuk="}},"m1KMSVSrRoO+L7mW9TdP7rzjy8RumjrcEfvPj3k/UXw=":{"valueMac":{"type":"Buffer","data":"DKT/ID7m/YvFf9sg1gdYjEKTDN1ms8GCAI+Nfvrnsqk="}},"nQJ4WavOyYwS7puZXskxhkjQ26BK3CgjsGKor5fwV/U=":{"valueMac":{"type":"Buffer","data":"hbHfpLtaPdJjoZEuglSw9AtTRnaqqTGndtY4vnkqcBA="}},"nXJpwNelw3uQECj1nGg3p0nY0dTlU41er4RC4qXrXac=":{"valueMac":{"type":"Buffer","data":"M33gFhbvG1OXuZdb21/zRlC3O+BBWKScaGOSuZdnAY8="}},"na26bGkygIyikju4ge10Y4t0/14psJioBEJ6JpVnIPg=":{"valueMac":{"type":"Buffer","data":"sGSv2THyYBfvuDf3hk4mzHLTP3pM1rD7yBzdgoI0y3Y="}},"nbmgBKuq6l8TCk6V+4DMtfAOOdMcciyaYtOgwL1ZT68=":{"valueMac":{"type":"Buffer","data":"IVdd78I7VZD2tWOD0irR1hxclh7LwJtXcPKkkSQGnO4="}},"nh1gclpcBuouVJsk0orwQvBa/kLytTzun5KGgSIqi7A=":{"valueMac":{"type":"Buffer","data":"Iv5HHKCGp+iAfgqeCaevikj7jruOXudYO+EnPUxL9GI="}},"nx5wj5+9SpgFQ5NB5umnPq3IxB7mueWZz3ki/eN27LE=":{"valueMac":{"type":"Buffer","data":"J6DLFmenm/8hj9BamXrklinls6yDkxQ4Im/fuGESYWQ="}},"n3TXgtU6QmeeTgdKnZQ+lP4tMtAEx4l0e0m8bVdaQmc=":{"valueMac":{"type":"Buffer","data":"OE6NJy8IRQNFwCtY2GZu4cXTvTP+p+8cdJ2Q+Y78oW4="}},"ozcIAv/O+DcGvyHEhPvemMP9LUR8rJVfJ0xRUy3xHFA=":{"valueMac":{"type":"Buffer","data":"Q6Y35AX8ndfhFxsc1/AWjlq4joPP1C7Y1lEWDrQdS/4="}},"o2s6H5cGijAiY0FI4O411IKCFXCaPel/f8jCnYcGz94=":{"valueMac":{"type":"Buffer","data":"URaJwL4KCAt0NZ3zpfcYnbtTRnOQDwN/GSwlKyHYHUY="}},"o9D6TB22t7np1uKBvQJT7BdcLkqcNu5V9u5FrmxhwjI=":{"valueMac":{"type":"Buffer","data":"gMJKWNgiemQzYaV7rXmF+WNpCEzwxp1ovcKY4KjI36I="}},"pJaoouffhijObh6cYs+1GhGTliHEdTJ3ycISyqeEL2I=":{"valueMac":{"type":"Buffer","data":"XYIi/9rJRTJp6DYNr8gede3GysFN2ZWTd7thQ25JBTQ="}},"pJgqfC/uKLE3AKhlaDXxocnQXJOKxTiQvWndBP31dZ4=":{"valueMac":{"type":"Buffer","data":"3mzynsUDSe6bLVkmzx72hSZJdEGmTGSORuO6SJPkO1Y="}},"pVSic85gYh2o56ew5I4UqM4+mA+GycrAk178SURR7/E=":{"valueMac":{"type":"Buffer","data":"SWxf0XheEDgwdjOLWkNAPWMtbJqPHrVelL0Ji7F/4r0="}},"pb7dShwlk8kS9JU6cu2Xwx8KiW+ylp+GnQcPMacblCo=":{"valueMac":{"type":"Buffer","data":"tFjWgd6Ux2zMh+km83+bpHmNXnUtYfEwAO1b9eMDfKw="}},"pkVo1twVRmX3iypeL7WVFNFnGQKyatUikVpmIKOcXAQ=":{"valueMac":{"type":"Buffer","data":"o2yz6KF3cgC+8QrvhGxaVRCXz2cCc/ePHwUxjIaApuA="}},"pnm3Wl9U9juFF0pmXIl5R6ykKq7kAB22N7+upnnvxkQ=":{"valueMac":{"type":"Buffer","data":"UX1XoJqrtZSSa0+9wVPrRceI4s+BBkWqIvvhtjmyeQw="}},"pvEzJJEVb4MTUhzFnYTHIb0S9Y62vuf8UlsSz1LKxv4=":{"valueMac":{"type":"Buffer","data":"NPbklJBPzWTsa88wR2h4vxSfhv+WgqUKjk+VjwQE0WU="}},"pxIz3m8FEIw0quN55GK2gjCp7oo/qFkqrqVp94/pgI8=":{"valueMac":{"type":"Buffer","data":"Qbez28XS6vGBVYA9MFg9/qDcuYVBSNvL+4ieWs+ntOU="}},"qWMYrP48odpSLDv7fb8SwJlJgWBph0OVaGURt2zuF6k=":{"valueMac":{"type":"Buffer","data":"K8N2IU0mc25CFBusGQA95lZ9/NGnkgqTYtHZjMfpVyw="}},"qnq7nAa/2BPTXFb0TMFuylxsUL6LQlvDJ7H/HPZA30o=":{"valueMac":{"type":"Buffer","data":"cL6vKAgjpix3XwsfwntbAGSSKOMDDAlRjv6FKYKH2nI="}},"q7jYjH68h+zR/E7DskYW9SShgmV34FlCSScEOKJR/Fg=":{"valueMac":{"type":"Buffer","data":"ErltRtaZRjBi3GN2Mj42lOjaMcrJL8YgtpIZGhajFBA="}},"rOJ0wzG1Cw7FaS1mtJ9tZVBAiwOYiWTmRKDCXptQVPM=":{"valueMac":{"type":"Buffer","data":"ifWwd4JvL1Z39xrRnYb+HZC4T3zCJ3fNDfCL4q2Bkt8="}},"rcQQANQxMDqw2CXVyAdfIC3U0QVBZ7a1W1VbiHCu7XY=":{"valueMac":{"type":"Buffer","data":"yjglW55/ZYUmK7kuxWYMOYT5KSiFRIBgucqz3Q/2CyY="}},"rkCkYlUkqq4uLCxV/Bbwc7jvYWy0MqxFPxWBC2KdA/M=":{"valueMac":{"type":"Buffer","data":"vzqWXBqYTWB4yGl3ng1xPZKA3Xn3F1giPyOfScqdU48="}},"rw+g/Gh6F7x9SsApErJL0ex+A3u7JTBq3K9ubUKEE80=":{"valueMac":{"type":"Buffer","data":"t+v2eWWPBpBnj9ZQH4fvt/AOUg93L9SlmhJonOsGso0="}},"r8M8+Tpgw7fEGjYuqPhQuTNCvM8gimgY+nzGgUYrMio=":{"valueMac":{"type":"Buffer","data":"xnCVPOIKYl9VVLJaMJrLBm42I+FILc6Fvt2uM4YbMMI="}},"sCw73D7PEdyfCAOQP5QkUVxPub6kr0g2rdwfVcQp9Ec=":{"valueMac":{"type":"Buffer","data":"7LsxLmVmjHeYqNWIdJFNj6W8PjV2M4J+o/rp2BmL+7k="}},"sOHjDc31esYgCNDcNrualh23bpm6kqeTgc2MBgdt800=":{"valueMac":{"type":"Buffer","data":"+JTFrH1WVEue0y7u0I+1fO1foykTrW5GqzhWCXW2m3o="}},"sUM7ESpm68Yf4JqJ+E0oh+FoXMbCmn/zRT740zB9Ma8=":{"valueMac":{"type":"Buffer","data":"msutjHjaBP+Ogo6c2GNvB3qeZbPy4rAxqE3gF//bngU="}},"sbHxZ93sXbcogjh0/pjvgDeQhJi6yHixn/KTCPrmRlk=":{"valueMac":{"type":"Buffer","data":"bBGr7DXOy83p5wgI4AWYVE7EFKDIFFq3cU17guad4DM="}},"stD2dP7ER4joaFcMeEIGzXrZFGzDIpFEQUAL4p9/9g0=":{"valueMac":{"type":"Buffer","data":"vmVst02zjhegaVari1AdQds0uMv9mVXNdwcs0uJ9ycI="}},"s1/wFp1I/mBKOMWm7xE4RhEJXPaNgu6r2F73VLWJsIk=":{"valueMac":{"type":"Buffer","data":"aDgAMlt4/8z4+4UlW4LHuWElV1s3HcPc6epoBHGDxjQ="}},"tJir+bfj6AchYAGQjmXx75OmHrPUYFledfK81i3tigQ=":{"valueMac":{"type":"Buffer","data":"svNijbANW/YbZlVMyE+Y8srasHFebfKe8pLENGNaTUM="}},"tLA6XS1CVk66RLYDG5+R7eN99lm237cv8jA8CW8VM2o=":{"valueMac":{"type":"Buffer","data":"PR/g8ZcoJTKeM933+BEGGa1RVne1iYcHPvZHuOjx8LE="}},"tPeVQeabQdyPDxlzmX7+L+GTQqls6zX0HTDyIDg5r8w=":{"valueMac":{"type":"Buffer","data":"aJc9E5xLwQ9Jb1aXiv7TIqoQZIDYAUKYWq3XrdRkim8="}},"tidOb5umt7zU/o5qCpRnlxlKf7CQDXELWifMSVXZDc4=":{"valueMac":{"type":"Buffer","data":"oq/u9dSVKmRMaSQ2uSzA1OdEpdfOi8W1EitWADGh6fA="}},"uAJ0rKwrjX3LD2jscQCZihkN7vsbZ3F19p3LQv3S5g4=":{"valueMac":{"type":"Buffer","data":"Xqhjzu0yPvvy51HAFbg5AbRkuBUevsV8FpGetaE45nA="}},"uE/ATahvfW6EplQg1i6fKxRRUEiDgR/f6aJL5Ek0BR8=":{"valueMac":{"type":"Buffer","data":"XxkvNS/GHN5oQ9sgnjrcmBAgr7eXC0j+9nE1XNozgb8="}},"uOOT4d+68GkkDOzgBVrD2GsXbRoYMpG+W+sSf9v8opk=":{"valueMac":{"type":"Buffer","data":"on/Ysc1siVz1d0T2z1xASqIBkab0pyTr3TVy3wl3fEo="}},"uiX8CwJ+FOOh0j4pzqvu9wJr2p6T1pOh3bAbTzIocA8=":{"valueMac":{"type":"Buffer","data":"aInoWrb7hOHr6alyoKnaXodFf9jiDtjLQg0poNcdPeA="}},"uo6EIl/g5RAuSiLtXBnet7d623KrvdNjijgJ1IhRbos=":{"valueMac":{"type":"Buffer","data":"/qTdzUOXCd2vwHixV4WFyELEIIBZsH3JaQsufoN6Ux4="}},"uxERLqGz77z1i5nQvXZVARag18CAJWsaKySsFGh4pPU=":{"valueMac":{"type":"Buffer","data":"iFGl8nKuvlv8W796b/hYeS9YOYPz5Elb2jSRMblaiew="}},"u4bZBh7OzzMz3Amip91UowKvPNS8Esu1enIme3Gkkpg=":{"valueMac":{"type":"Buffer","data":"qp/FIq2oLabUJvE3fnRJ0X4rrflxBuRO118j3u1KhIg="}},"u7m/+LBGqaVt6K/h0vHmb6Y1Oeq9Gc5RQ5s4kteJ5D8=":{"valueMac":{"type":"Buffer","data":"56qCp6AIZY7jRM8VZbV1dQ3yjmwOd4yrCDgvrhnUr0I="}},"vbVHALR7Xo9yKDjbDPee+xjpHgBEFObf8bdavm+7R8w=":{"valueMac":{"type":"Buffer","data":"F/81UG9HrfOHxmIvUTDfNNbBORo8dgMaTMgjEMLvUcI="}},"vcEwEITEhZBJetweSRCklt3yaWn5nekxXF9D7X4wbog=":{"valueMac":{"type":"Buffer","data":"M3TYfm3PvuLAZJ9E09MbMsam6I6Y9vK0DzpvJoFfU7Y="}},"wA7bc0p4U/t2EG8uwosVIwDf1W8Q4NN2AnsU+g8UV5I=":{"valueMac":{"type":"Buffer","data":"GVPGECl88UdPfa0jeo6rzib2Ve52cWafC5iZIdcva2Q="}},"wBhqObgk2Jn3uUejc3FElke3XKhs7XVkD38jmhGI5nM=":{"valueMac":{"type":"Buffer","data":"PCWpP10ec7eFn6cjiCmgMs90+3FcmUby4nNXFG/Z0Qc="}},"wPSQHbtGGTed7dhEMuE6iuXZVFeOoiBKn3kybA1cQeE=":{"valueMac":{"type":"Buffer","data":"pCBU8fMO/+n7VLJQblK83wRdqczPf4OwZHEmhQ80tgE="}},"w/TZ2EqESqp2hCG4Fgcu+mJqBJy/OCInq1JQqZ71Z/Q=":{"valueMac":{"type":"Buffer","data":"7Qe7Y3agwI2pKl97QT/DNnP3PkQsgOVp06ecQH95YMo="}},"xKzQrb+EYf5PSq3vsvzGc61gsiKsyoPdE7cggeLhcyY=":{"valueMac":{"type":"Buffer","data":"9EXhpTHZ00SLBoVOpnFns5akb+vBvXTRcyRRadE7AjE="}},"xipJ4U7IyOIYpEtdVleBZ4jUK1FXM6YDJA109ArVAsw=":{"valueMac":{"type":"Buffer","data":"1y2V+FBTK7Xj98F4T+RSfR+ivAjtyXzCQNlqJ3EYMX8="}},"xmmH3JLIduZT1laVC5V1/8ZLn033zUKzYib9RW6RsnI=":{"valueMac":{"type":"Buffer","data":"QWbEo39zqoQV2JeIbZbaY2oaSiD7voF2JdmHrhV38Zc="}},"xpTpoMwApxlV/y7ne1VB/eaqpW0yR8Se1i9QtFE2RFA=":{"valueMac":{"type":"Buffer","data":"ErdKMw4jK43GCUBT22ILXCVTCgx4ZlAMJzNVng6hxcw="}},"xuoyy+gNdC8tNCipKKET36MNCTDPUgnCzaxHuNGylGk=":{"valueMac":{"type":"Buffer","data":"EyEywGF80BcS+zlz0/Q0YLatn5ua+p9HaL7fwZ9NgI4="}},"x2r8S3JyxKk61ygiTac7V2u5fD4lAwSwicmOY6HEwuI=":{"valueMac":{"type":"Buffer","data":"1MN84Ucdk9TqJj1NXomITPO9WnniFarkb3KDJTdn/Kw="}},"x4TQhuNYt3c19glJnVGB/97NpRikKvmXDppxvHg7N2I=":{"valueMac":{"type":"Buffer","data":"YicBhekz8uOWqyEuW3/7F+johd0m8fHzfQE6xwH3g1E="}},"x5H1EQr48/LKLAFCYipQPlujehYxkh0IfhY5THp/iVg=":{"valueMac":{"type":"Buffer","data":"KbazDYVHLzU6Yg4FILcFDXihoNvbceQkd3vSmKRjcrY="}},"x9hUUcYpeFO8zCAK3Y71OLzprJ0cUgUO5iiAnsRdnUg=":{"valueMac":{"type":"Buffer","data":"UrvAwDV4fjNPvUtRtaVQGFyEiOqtmucutdmA+F6V7Jo="}},"yER7+eIuKjrLxUS3BU+r4w7KAolNuWrrCSLsos9tqPA=":{"valueMac":{"type":"Buffer","data":"q4aJpuQtdulTBX+p28qh7dygilpU3SeCeb0goCwVaTc="}},"yIoyA2D2s++6/30KWEaB8Mk2JEnCVL5Ae3F1j83LRWo=":{"valueMac":{"type":"Buffer","data":"DkUMxcbBlpSzHg6neFhAhVdyXYOI16Tm4Df8BRih8ig="}},"yddGK3ExVZq/chwPIGaRSd3S/z6UX3PBEACMZi8Aik0=":{"valueMac":{"type":"Buffer","data":"0t6fkHxuqBZTWTajOc/Mt/xeIPacOzjxqXlla0kw+54="}},"ymHYrrw8Gg/PUgsJBTzUf5ack33UhEjEY/sKPOYtelw=":{"valueMac":{"type":"Buffer","data":"4Ik3Qq939jZY2Shlo72rwX5TUo8sjVZ2ltnM75rK+gM="}},"y0ap+AZxJibm7C7kU0UUC51OCQ9V3TCm3L1gFhsZ+HM=":{"valueMac":{"type":"Buffer","data":"Qio+/t9UwFh6yO/SY0hE0FxI6X07w0tPArujqIv8C7I="}},"y2XYdRBn6nf20Oc00RVzfy0kV8dkcVT9Z5m9Na/kW4A=":{"valueMac":{"type":"Buffer","data":"AopaFv9voKJIjqLpYarCOSoAZTZxhpc2j2FIr0KFpYw="}},"zGVM4r3eMjDzL/K0k7EOLpXNyZC7me/FSD9xzmKBKxc=":{"valueMac":{"type":"Buffer","data":"DhJJPxJovXZ3fq++vQpahJW3MJCMQ5bzjUT/a5psSVc="}},"zKExta6bs788AAhmkQpJw63RLVdJKkodQbDuoIM7yV0=":{"valueMac":{"type":"Buffer","data":"a8By90zT+ov2Rnm1N4YvfTn8jXuPzVDICW522xQpp1c="}},"z2YNeL0HaWe7z0Ds/DzRDKhSsRojjj1pFHJRe72dC8Y=":{"valueMac":{"type":"Buffer","data":"M5Q5of8M+uNQcb9w+kzjc1nMOg1egdr0L2F7RDsGJ4w="}},"z9LyGTKarfZ3tJ7vImq9+NcuQTNJin8jBBsY55DWTpM=":{"valueMac":{"type":"Buffer","data":"uali6MTQYDKIpfg30b3xRV+XXgmdbC6aYKE+L7F+J44="}},"0Plhjd9CUBNSur0hyM5ch2ElRek1TA7jTg7ZvRSv0tk=":{"valueMac":{"type":"Buffer","data":"owlutAH8qc7AlUAP1qeU2RGBFQQsQ1YRE/+ZjRzpSUY="}},"0U8oxx7f/SzLIcDSlFdZJMLMpBxGEH581xHsk7Y/1c8=":{"valueMac":{"type":"Buffer","data":"tl/E3qaQipFcw5m+B7YNDP65aHXp1W2lCnHqvI5nFBY="}},"0biOb9WFDPPgxR7DQe2jzcI/T4vgIsKObObxw4gyb44=":{"valueMac":{"type":"Buffer","data":"bBF6pOHQ2Bd0fXL0f4DWWCRCPqNVjh+OOzvi+TbyXGY="}},"0fP5C1SqjM5bTsnuRW22aa+K8XzQT+e8BFJIkcrhZhk=":{"valueMac":{"type":"Buffer","data":"JboCr9QqGvsJ5yuy9WpfpmYyPa/6rkbu8BWtaEOuSQY="}},"01onpm5NyvHB6PYIpY8pTp7FCkUGU4uhfRqDlsfryBI=":{"valueMac":{"type":"Buffer","data":"VUiR+NayuMxGQnxraMCj4zBI95IkHVF1D4fVdWvlBV0="}},"045MxPqKDmPGZ7dxWpwPFTDHGYzqseSXTBh2/vu5w6c=":{"valueMac":{"type":"Buffer","data":"JmjcjXFrPyIU3AKuywdyic8f3tyhk/UxyY0gfd5kKvE="}},"1tvE5Gpql6PHgnPtoA8odxhU2Ka3mZ4g2S9L+wSNbH8=":{"valueMac":{"type":"Buffer","data":"9Z0aBL2SukxFtBMwFygI44js96TN601hwbbNHwH5rsY="}},"17VaVkJYAbJrqIu18ECIHmTBw8mshGtUvV0zNpY4deM=":{"valueMac":{"type":"Buffer","data":"475Rx5C0vekV4OIOZSoCYgD0MwWZnyVNfuLr7gixnjk="}},"2RT+5FZ6DWB27Tn1PC4g+s8XtNf9D9AiVPCaYKmJ9wM=":{"valueMac":{"type":"Buffer","data":"EpY+TsCTuuhfGu/izDMpJvQdD7XX445LvQAJzS9uVHg="}},"25q7dgRUhhrf2/FqaxZ3xSHh34qSA09ViwWtB4q4uVw=":{"valueMac":{"type":"Buffer","data":"4ai/UwVYR7MXNVEKmYjajQTPhLI63bAYcy3wtL+VYbc="}},"3H9hhirqXBM5RMG1rOgTlaSZQyabNpVcOTt9OJxBOIs=":{"valueMac":{"type":"Buffer","data":"LLlmohgnaItl2H8fugfQCNsZa0CwDjNKXvJii9eehe8="}},"3jzIvMRg4Z2cfkFFsLhZ0Xn1nYiz9TuJIrdtePDw5iw=":{"valueMac":{"type":"Buffer","data":"gB4JmltizutV0Ib9iT2RmWUBcFya2HAtBIVoDcp/nN8="}},"4Bg4LIfwDgA95fsFEuoDgxtCehBXs9puHHy+8PQJIQM=":{"valueMac":{"type":"Buffer","data":"vRVj1VAUwinQin+456G8VoQxvZWxP3B34Du+xsdGWBA="}},"4GAeEGIRTZbFrLIJmlF8HFZ02i6M1bCGvFTX8MhYfM0=":{"valueMac":{"type":"Buffer","data":"VU11DsgFiLZuaTy/wfu8OauYZEDSZTs+NvspQfOr6yM="}},"4U7mqcqY00pmmvEjlvCFauQRhzGXFpISRHoI/qrVZlc=":{"valueMac":{"type":"Buffer","data":"FNnnE67pWOaa45a44VdRSMz1q+fyKdfV9lvgqQorGL0="}},"4origceeENjPm6pZrHEMEW6RcemVuJNOCqdZgweGeV0=":{"valueMac":{"type":"Buffer","data":"MZRj9pzY0AyL3OXMn6+b0/NjOkkaddiAxUiP3CrSVXQ="}},"4pZcH6jFtBNcM8Mg9ZwdUexIgpDIvhbT8w/DFnXnkm8=":{"valueMac":{"type":"Buffer","data":"WUd83K2Ipc47TrOU0wN/plYbvagsVoFzYUgYuXLjLD0="}},"49WVUzlsss+HBFAgu1S0Fh01FH2wkWRqBJY1uBAYbdo=":{"valueMac":{"type":"Buffer","data":"umxp/Jl/nMLDHM1PbURzAndlEjoCqvS/XnsFriqi9CA="}},"4/V3DfHUQJ4pQvAeG+jdevOO+3gJjXlCRKAHynknvAI=":{"valueMac":{"type":"Buffer","data":"Fdr/42U8fidfB0l2hIpbqaF0+TJQXgMr5YUx05Hodsw="}},"5Gxq54X4H17J5qjlC0xJKzH37GzatpfoEOSI4wkNohQ=":{"valueMac":{"type":"Buffer","data":"ZdSszNTVs/ozH8s5Ttuw+8sk3SP31Hq4nMZraUkG70c="}},"5xrqYMD+GbNYA49oJ3W+SLdv7RdqCyfdKE+VLyKpZ0M=":{"valueMac":{"type":"Buffer","data":"TNVmTI7M7XxoCC7be+rv5uprm0m079S3les2Jx6XwqI="}},"6Lf+Uk4RNy1/B54as60ekrgDaUrY4DjA+BOub3TKcIY=":{"valueMac":{"type":"Buffer","data":"JJ7jVZ/017JaiCAX2UsLzzhU92o2eBiP/2ELAYYtdz0="}},"6L+ZxzmF3EvPYLrRT3iLLfc75/WZlIaGmoQKE88flwk=":{"valueMac":{"type":"Buffer","data":"gcMkmwoG4gnW1lcFdfXAtlCsbuCDFqrQB5WuND3bnsQ="}},"6q8aXCKjRSGwOfif6v7+RB0xQQoRa725W2WOFGy3vA8=":{"valueMac":{"type":"Buffer","data":"PhKuaYgllytwEq1BNGWO+lC1gwzh8ULEzOvVt0INE/U="}},"6uh1XLSvJ3Z9PONoRaAPQnLUd6+z6nAKglKHTJMytcM=":{"valueMac":{"type":"Buffer","data":"OHtz87VOZzSReTTLy6Pl7HG1tVZBtYfWR6SulTof0rA="}},"6vlmX50dfmuCHhcnEAMGncGCu6gvdgpD8qfDfKm/3Ak=":{"valueMac":{"type":"Buffer","data":"RuyAQoWFlhMBoY52pq9arV1u0Jn9VuvMHSaijKw2N7o="}},"612FpL9WkRP77HdJk+7FVdWtoIgiiQNECcZy6UqjNec=":{"valueMac":{"type":"Buffer","data":"ajk09MeKbpBR22RxRiR6fVlaaABwMDmsxBby6I58JRI="}},"7gSppykoyzkjfl8pD/wavT2Q3DqOhJ9msqWr7CreRYE=":{"valueMac":{"type":"Buffer","data":"ZkbjBLfasVhKrWiiUHYemPTq26dQ5GGTc983Emyboc0="}},"72FqBvduSZfHfArZ0jvcWBX4cxuxoaavtTKlGk9bHYs=":{"valueMac":{"type":"Buffer","data":"j1YQiglBt5DAIPX1nVllJX+aWCK6/C7cbYs1djDNOxU="}},"7/akwnYl8/LAz5Np6IO1z/ir6FQPFlxR6QSJ036TYR4=":{"valueMac":{"type":"Buffer","data":"MbSjowDl9uMRbynTc1AC4K2bsCbPExkRZ6gMHMmnE1g="}},"8GSk/GRtMUUz3Y1pO+najTypIwZbhLAme+K/1bkqweg=":{"valueMac":{"type":"Buffer","data":"EDGil18WDCRwnsIauLEQRSOc97PfNTl2TNFkhiaIW6I="}},"8X+j1HJZFP/f0HSap3nvjALKoem9UwBSzaDxEQtxRlE=":{"valueMac":{"type":"Buffer","data":"j0w9nA3O2OwuY5uZcQsWkfQ1UrVvFV2LB3utOlCfg+E="}},"8ZNfZY8uguhOKEkBagIlsCiybK5ey1JEpJrxfAkYwjQ=":{"valueMac":{"type":"Buffer","data":"GZZIEqIEZcORkJKQWnqx6pealrjSMIr1Y7PIADymYuk="}},"8i4mMwSlcHYM64skNoHsaeZtqgBkPpXmdGYDp/eRklU=":{"valueMac":{"type":"Buffer","data":"BuVmh95sp4U5zX1b+SLztLQD9qdcX0n/li+psM24OgM="}},"9g3cy7H5laN5FqgMUnIA1aXzCq8dJc88JZBuVplpkyg=":{"valueMac":{"type":"Buffer","data":"VWEI/RGn5a4K9S0B4SV95IDbc/9dWmZQkCWt/4xP/qo="}},"+Eww0PKdkP7gt15CRv8jLF+VyQAun/TAEJQbzM/FD/s=":{"valueMac":{"type":"Buffer","data":"YwXMfVzqzaQLWynruyz/onExQ4kjzmrMK3JcA2UX05s="}},"+NlmjVCmBnjsxcnTLi64SnI7SjtL3lqtQ4aUwt0g/7A=":{"valueMac":{"type":"Buffer","data":"6X1gDSmPq5QPHdeSr6YmPF0Xfb/wZlJqdiy2e5JeLu0="}},"+hYgvdSqYwY4cTkrCCuk7hX+c1Oy0hFAg6ovmiFqtq0=":{"valueMac":{"type":"Buffer","data":"OYLJkJZiOr7EjevCAhCeotFuwBnyMSnx0csNaFJrZeg="}},"+i4bMpslWqLFcpBY3QeRh2nPEQwzsj8tuXRDoYLenUQ=":{"valueMac":{"type":"Buffer","data":"Sa5q6Remj+5+QOqfau8FRmzXxdcjoFtb1UqHGv2ZTe4="}},"+xBky0IPQDXV+lL+xu989AldpXXE3637/8a9RO2ioAA=":{"valueMac":{"type":"Buffer","data":"1mA8frFJTUhKmJ0Kfgn8iLT1Yl/kDSbJQcZlptG0hJ8="}},"+1ktKwgM+HlUWRPI2GZDjFx3M3N8pHR5l4RQNnG+JP0=":{"valueMac":{"type":"Buffer","data":"0X28wxEX5h7px0U+PhCqXyqLkQzG+czQtnPQtFK8nu8="}},"/Jh2yfMArXzIR0roZgm42dJ24Gr+4OzfH7MBvQXTH8A=":{"valueMac":{"type":"Buffer","data":"egdoYL9ubMwLGpTWjpgbzMVBv44KqukC2ajTJy46NnA="}},"/g0R7zK3ev+BO31BIw2HpUqKz5oB+CGbamE2EyabVLc=":{"valueMac":{"type":"Buffer","data":"0qK73TwhTia5GI1wTDErIk9T91nIUCNgOGNrswSTxI0="}},"/lMfQod7+wq8qADy8iYg8GhQtYdVfFPjVSey4KdJ9qg=":{"valueMac":{"type":"Buffer","data":"Tn61nxurWDoZ/7l97pKn6ih6/vi9mCnmQiVAbIicLV4="}},"/tDFoYDjd1K4oXwEqOFBveK6ErML2Bu6SBD9CPzc56o=":{"valueMac":{"type":"Buffer","data":"ax+joMbLVmqGdQm2euQD+TMUkNG2k3JJddeDb+8gqUQ="}},"/7LMGQkQWmXzC8FmtJ32l9W63+tl1DA9qzwhn8csK2A=":{"valueMac":{"type":"Buffer","data":"PL+DZmd7/IM2cucXed6+oyFHM5dNwRcX9+RI/Lzmfl4="}}}}