{"version":166,"hash":{"type":"Buffer","data":"qxmrx2HIyu30OVkPgiSId5TSXsxHe8z07GRWDDD1TXCjn2m+8CopetO4jE/vPmzPXt9rZlwWRz9JguxclEHywZ1GMyDO4q1j5NMSBnJGK9yud/1jbNnns0IQLj8ILoY7iBT3xf/DCTY3/oVUP77azpnv5G6kQCFiHBLn44Lrgdw="},"indexValueMap":{"ARK0e9ncj8Wjx1Zci+ZsjIdPURL39q8IMYXyyNM4XNI=":{"valueMac":{"type":"Buffer","data":"IcYpXRdnGoJPV6F071xzBZUunEhM4OmDy6Ao6gD3oR0="}},"AulOyQjTCjqoIuxaRp9nSHDQs6e5x3wLjzPLqW49HgM=":{"valueMac":{"type":"Buffer","data":"08vXBSRkFAy80+rs0iXbG37R8vD61C31OOnX/O+Uzyg="}},"A3KPdycMU4QvDaUDynOTDFhIP9XT6h2usbsscjb6f+U=":{"valueMac":{"type":"Buffer","data":"gEKx9/UXo48aQqM2DYd+ywfVwjoQ5D16BqVvui4z344="}},"BUHpDid2EaAr5uwmT1fkhhcDap6taCwzOzaf+7Qldwc=":{"valueMac":{"type":"Buffer","data":"B8BBxznOUOK9jT2GLO0oVf2juzstEIz0BVC0RxkqvSM="}},"BrHa358mU3n7NyGvOi7cffvE9v4b0PikMldflWOQTiI=":{"valueMac":{"type":"Buffer","data":"ndBZFYoJg+iwAMMndMOZCqv3gW6nZj2qi18u46Y438A="}},"BxpkJumsxGpt5eWgD/ou1KC/KQCtHRis8EqcJ6c/Jdo=":{"valueMac":{"type":"Buffer","data":"nWsZnu87VgpavrAj0dVCdvDJN0XXpos4PLpMg/lzR7E="}},"B8wuFJAXEOdwZ895RnRPYB3oJUxseKN001Oq7vXXA0s=":{"valueMac":{"type":"Buffer","data":"JSK0Uxt66MzbB5tXcykVkbRyknnwW2E6VvS105qy30s="}},"CLRgOkdWpQ04YWaWnrgtFSqly/+2gHjZ5I1qkqgh/o4=":{"valueMac":{"type":"Buffer","data":"nFkh3HJ/WKKbegnfSIz6NFGekcHjJiMAEhxgt7qQm68="}},"CQQjV993zjQhsLxWiyB5W1yi5iYpdu7JhSMElFlvRY8=":{"valueMac":{"type":"Buffer","data":"lQJkqM1RmQ1QBbFix1tsZRf9u3XoIhmlEtbZ6j5gboM="}},"DBlZrwT7KFYHjVis8zGjIvMq4s3RMlXJPbTLTAnZAQ0=":{"valueMac":{"type":"Buffer","data":"b/Z9v4ROICvqbNAYZPXTB5QEAEtp9LZsitjSQ/9pThI="}},"DPDFMRGJJbJhfjlQXf2KHB2rYLi0lxE0ab5r40AeunY=":{"valueMac":{"type":"Buffer","data":"COycpO9VsM9fbe9Q+zDDXA1fS775ta2HJ/mB2VlhYSY="}},"EbOvmo6LBBCFRaC7ehXuTCeW4Lpt394/wZtJs+LzB1Y=":{"valueMac":{"type":"Buffer","data":"pnkw/yCrP3md6oz52m2FnGqnZsMaqYzYiDUVVIDfk30="}},"EiDnm0yayTgyYuxTeILgYD5HFS6HBIH1MkRLIJ5SK3U=":{"valueMac":{"type":"Buffer","data":"BSDOmO6/+sB0CRjm3PomPhh3trCt5Y/hw3gGxdisfek="}},"FGbSIOhBhXXsVb7BTp2VOWjPX3CXEmrZVYGPPF5521c=":{"valueMac":{"type":"Buffer","data":"Ex214+uU6KAWO6lSvut0tbUpA28kRYVY/udE0HI2TLo="}},"FT1Qm9g44dKvxMP+Yiu4eaoFGB2u1qsDOo55TFq1JbE=":{"valueMac":{"type":"Buffer","data":"FiUD0JF+SriBAQRIG5iewCH31MGYBTDxYjVsZZOFPT8="}},"FbcT+l1y+5OX7jVjSMVGv/hojBGanbjoI0ujYGva1KM=":{"valueMac":{"type":"Buffer","data":"3Yb0nittw7oTSKcthtMJkCT9Y0EYMmXTZTu/TECKEsE="}},"F0cTfgvYukW3s2ycQFWApLssIENjMjMPE8356u1Sq0g=":{"valueMac":{"type":"Buffer","data":"WVTn+jUJw8suXc2LMmfnm4j0Ric7Q3N7/ONXtfr8/Mg="}},"F5mob9QbXbEAT//DZnq5aqytXeyQHPMhT9SRcX1BOFk=":{"valueMac":{"type":"Buffer","data":"VeTHTsq//E01lo/ls1CYbixSO1flfztiFMI4fcPV96k="}},"GD9XZWuRc1vDp8LPBAGjLPEBRWpj0Egv2InzTqCLgtw=":{"valueMac":{"type":"Buffer","data":"bzfNsfMcRzYh3XtYeSb60KyJmkbNHypKwFjmTytnet8="}},"GJH4263iCf5xW6P2Pc/4m3/GhvzI5kezK9wfchkqi0E=":{"valueMac":{"type":"Buffer","data":"tRoGalUC2YuUbiSK1F5iGdIEX9CHKVhEgWN8LTfbJS8="}},"GanpJO7x+ivqI0fUAlVpZYauUJV2UFoZoKRx62sxMxk=":{"valueMac":{"type":"Buffer","data":"N5WWsYyqFW8X2UIcU16idujAmA00IZox9k4zo6DMThk="}},"GihXIArfjCETBFbHQSSIXn89b8rVE/SNiFDZA4La9No=":{"valueMac":{"type":"Buffer","data":"DStqLBSI5op5wphG/PhcuA9+7lpQ97krr0QBCOPNBIc="}},"GwUDdcUEPf5ze/hEfXlrykE9mBRewx8YNDlKq+5/58s=":{"valueMac":{"type":"Buffer","data":"VAiikuo2Wux6g2Op9nhLkN3nJH+7zv5cG++b/k5A01A="}},"G6LM18oF0xdjFJOA9CRDdR43Is12sy25YaW3f4xXUqo=":{"valueMac":{"type":"Buffer","data":"kCYDv5zg93uCBYBOxojkYrES51qYuSI1Dcs4RrpEqzA="}},"HDrrNelNWrQFo0VpOIQYcMhjo+rs4BSah/HZlLHlUko=":{"valueMac":{"type":"Buffer","data":"fQOSSGf6HE0qa/97YLDEHzwmEBvMTs9vKjjp78zpMFk="}},"HQ+0LRWDjiVIFezTNMAYAnTH9+oLuw13AQlivDwoPqc=":{"valueMac":{"type":"Buffer","data":"R0rATXNmV30lf3a7lIQzMcK5Q33AUZ+b+ArRD4ZV2U8="}},"HkUgAF4mPe/TJNzh/fcrJNtowjGaXD9c14Phmq5pO8Y=":{"valueMac":{"type":"Buffer","data":"Ndo0AFO/axge67gphGH4SqxsZyJzBShtADvTm4W9vNY="}},"Hu3CdwIk4iCr3hePmv8ntPs30HmnWs2fB+2mJasGuo0=":{"valueMac":{"type":"Buffer","data":"lcT9nZR1kpuvbhVMGRbiZ72/LjTM5JZu7LOi3RGLg0g="}},"IHQeuCgiE4Gp01qyvpAEqf/vgwhgER0NaTsP4lcNIgE=":{"valueMac":{"type":"Buffer","data":"P4Jq1OuGWIaPEWW5ZgS7NfGmctFOZV1opcz7zIJ0Aho="}},"JWIQbpCnfqxu+1AbhvXL2/Uzkndw8psy9qhRj7gGdpo=":{"valueMac":{"type":"Buffer","data":"yarUnVDQfgQ3fEF85Qu8zcsGw1qHpDbN8x0iTtXl+wA="}},"Jkk6kH6MMAF8xrkxOmyUkoFCyE//IG6XKWZU3ehlPh8=":{"valueMac":{"type":"Buffer","data":"SoRFz1rjDlVAINfXBbKUUyaJkzJomOs6hlvicwbeCZs="}},"Jp6DW3oRRXOmF/ntZu48YFWZ4EEJRI9GaUvCUwqqMrI=":{"valueMac":{"type":"Buffer","data":"EyqyhVj6+SN96QR4f4w+KlcOElR3A6rchCmEPsW0c0E="}},"Kn0rHomZGPZQiVe0BkXng2RdlIlDCoPxdl0gtYEDv2E=":{"valueMac":{"type":"Buffer","data":"jWda00A/IwjPaAf+0/LIf6bRpw1AqKT5vj6Drqudbfk="}},"KvA83cnk2kdu1HmMQIhj4g1mRh5Gl0qjzqXODO8nLRk=":{"valueMac":{"type":"Buffer","data":"RDqxVfCfhj+xGwzp195Lg7ql9Nvy1EhbAzlkOt4dZY0="}},"LDWt3FwCPxjpw0faxdgqva1pNjdUvJtBtg4EUiSWHIY=":{"valueMac":{"type":"Buffer","data":"hC3dDp+ISF9NcNDI1qVpzIyyr57SQT/VuM/DDAHWYds="}},"L0rG57wuHOY5xwyiDSodQgYtymjonTCeaYrK8NQruf4=":{"valueMac":{"type":"Buffer","data":"CvVKbsoZdptxxGd5KYXLl/SLMqlfXPqVMFfJ7fHgwd4="}},"MBcOA6ztIy31KjMlms1fUqpleAOeGlEOFKGO35m4TUQ=":{"valueMac":{"type":"Buffer","data":"GGxNTP8OuGlDJG1jT59NSBhro7Zq64vQBkMNe887dts="}},"MmRYwugwXao4riGw4p9EOfqvHj7cIH3SZf8re0ohADc=":{"valueMac":{"type":"Buffer","data":"SV3EbsPlNU7yFHL5Q8yGYl5oegSNDJ++yVCuooj2pjc="}},"NJ5oJjCcLh0MIIqVVjkPWA5AqVvqd/tP/6+AAugL5WI=":{"valueMac":{"type":"Buffer","data":"isJU/ON5EfeyYex8r7yycGh5OfuodB0O1JH/YBNWL0c="}},"OYYotbbDeEatRPBzs7Az6DAEF+cCHt7+Lxkm6lVZdiU=":{"valueMac":{"type":"Buffer","data":"hD4hrCP1LuqApSvTLQXTDAc0aIJZ6zoko/ALwxObH5E="}},"OwhGdn0DYt5KiHSWESyIi/WWiYbBntXBoaNTOMKX5PE=":{"valueMac":{"type":"Buffer","data":"Yb+xsl0N5BaYE5rjxyubzZLfkEEh1R7oR9LcM8IULr4="}},"PqSxRNwers2NWy97qovdc3VRRhSKcUOcmmwimxG15TY=":{"valueMac":{"type":"Buffer","data":"T0SCauK9vNrOSRQJw9GWu9Uk+cxsgnsAkvSVeLRRt+w="}},"QAzItC2/g+KIK3JtLO7bi1QS513bjQWjSf+CdxkY/qo=":{"valueMac":{"type":"Buffer","data":"klHynSlhof7Io8IKAeOfmVg+pvDvfa96i+/sJqWui2M="}},"Qx+bmReWznttnm1Y+mSjtQ+tBr7j5lUmZE0ACKNgrWE=":{"valueMac":{"type":"Buffer","data":"R/JYCKX3nqXHqqS5uyh7ddMQ5pDeX+cGfO6gF0XGHug="}},"QyOLy0N8MAYfMA0hIdl6kA4wqbDKCAnfW0AIpa4Yu+s=":{"valueMac":{"type":"Buffer","data":"OVIDku7Ii5XR1M4KeCe3adFucT88ABQsqAT0tHYmnuI="}},"RTzX3gThkRzctKnMTDuukigTCBKDBmCp84hyoI1ea3w=":{"valueMac":{"type":"Buffer","data":"OxviTyMC3YBCBv/GauSGJqwnk2mxgABgqovqSbvOxGk="}},"Ttarx26Pe9Nb0Dde/ND+1DQxsQvrBTDiJUPSCHbl6cQ=":{"valueMac":{"type":"Buffer","data":"iSCmfWsARxt8eDXhBxCajmA5SNtUaWyJf3/wRjHQolQ="}},"Tzx/GFXHIbAVyhnyZMVhGdjFH7jkRpJaWJl64kIeUaM=":{"valueMac":{"type":"Buffer","data":"RaRcuIpOTTfiA2Xtkmdx8s4hZhQkcX2iGuR6sUWbItc="}},"T2TyRMRL804+vVG3L1Xt9fcNKKu3tFcVXHAGnwysRiI=":{"valueMac":{"type":"Buffer","data":"tsiJdE1c/aWuE6IPrGH5N4GbpY1SMZcgpmVuCEzvXgU="}},"UuzZH5wkntS/DMOfOJKDkmZqsE92s/cTWhc7XdwiASQ=":{"valueMac":{"type":"Buffer","data":"PNeOnzg7ERb+CAFW/ZJB1sm8ahbNywvt9E05A63Zxws="}},"Vr0P9fE+kqCVjCmmP0gfe29E8iWuih5ujJnm/2j9YCM=":{"valueMac":{"type":"Buffer","data":"k5QAblDndp9K1vVHRbVJkjqXkmp2WdmHB+NKSqV9J+A="}},"V5snybS4qhRsjgJ8mduRVbBOiSd1pp4yYQEhP6EShjY=":{"valueMac":{"type":"Buffer","data":"nJ5jJSnAJJa9WcHQ/jTAMxskXMticZMx3bQQPWLRULs="}},"WMgnvvNt8s1DgHNN0hr3R4racYnuL+Or4NUMAkKwMCg=":{"valueMac":{"type":"Buffer","data":"xPz/dBWC6B1A7ClNUf1uQp0qLnXPdVn+C8TxEqiZcMY="}},"XUr69qCsxV4+5nLEhKM1N0oy18VyhqF8f7X7WbHwS7w=":{"valueMac":{"type":"Buffer","data":"90IhWBLou5xe5drrHORq4zRTDW8ZZ0+jMaU+Xbz32vU="}},"XV3EwQoEVxQ592yc5mzurmTm04jtWLpaIfOk9mVX76A=":{"valueMac":{"type":"Buffer","data":"fKAxUyISCZhvLywxYh0QaQg/De2mk390FamlEDSmW1M="}},"XWSZvFvyrZy+pQwuIe/af7JG4j6uihueiAxzhC1z2lA=":{"valueMac":{"type":"Buffer","data":"DhrV4956/Q0n6fszeuZ12CXgLggVQBpMETUdMKaivGY="}},"YmwDeNlyrctVqo+T6CNIWJjLE0w79yG8upNXpNUJeus=":{"valueMac":{"type":"Buffer","data":"LbTTp03YS7qDBKKScv2/NuzGnpxEVEInwDAE2uNUKLo="}},"ZH8eaZYGCtlic3mu7AlCSHrKVH8/PLzrA4JhTAxXbVs=":{"valueMac":{"type":"Buffer","data":"LfbAKuUZcHRMowDkX/GJCL6efjAz6HCc62COB0Nb2bg="}},"Z2Bb6x+/8Zrvju7TxUM2TiWtR/4Tv9PxzoTCFbJrR6c=":{"valueMac":{"type":"Buffer","data":"L5sO3K/CZtbBZwkRAdhimqFPnUyY39UFTUB4/gRH+SE="}},"aTiy2+ymZNAfpGhApfNvBJhxE5xOq80pN72I60mtETg=":{"valueMac":{"type":"Buffer","data":"iDi9hmP++AJbRLavTJcfb0vOgUZGFNNZNoJiUrKmU8E="}},"bPFa5d9wXgY8bA9cV+qF26eKgrLdqbAjcnhEO20j2HI=":{"valueMac":{"type":"Buffer","data":"dlNqqBS3/83MufxdwY1mbHxqEWxAnXV5scVvrpmpZig="}},"bPxDEDRS5hizGu79LReRyqNaTg8DeLReN7gBct+9ovI=":{"valueMac":{"type":"Buffer","data":"TLbPqM9qIkZYLKf5N6f5ZF+qv5M7Nx350DgV1p0Z7jM="}},"bmwjyPVTg9vXzsfXuV682hVf6awL8bLmdqqZmySlDsU=":{"valueMac":{"type":"Buffer","data":"/MLk4c/TMaXSmby//hpgFX6ptI8BUnMdirKV4uWPw0o="}},"cAJmUnA3oD6oPFtXbXOrSRk85OWwrPP2b/1406RuF2k=":{"valueMac":{"type":"Buffer","data":"BU+Qy5CY41/wmWt1TrK9PYPfWppgoz2lVnkMm1RwdTE="}},"cC4yEsiVxiwwk/f+w6bvYddwLfuYfg3mxhHXg2bsD78=":{"valueMac":{"type":"Buffer","data":"Cana0v7KbuHM754Cds1UL3XmPshe46oQ42LFtu8CYyU="}},"co4bNcgzZ7TsJef80LHk5V1NRIearc978ba+xhRY0IQ=":{"valueMac":{"type":"Buffer","data":"RFQtzit2PtqFaiBZe1YfUdKRZKSQfY19+SynO4xONB0="}},"dsFq+/L12myK8l/dHNkctIrCtBZq5+ZAn/UxNYR38v0=":{"valueMac":{"type":"Buffer","data":"rfc+0KnfTYmwFTPi3dmq7Ecp7IHM3aJXfKiqec3d5zo="}},"d6c4se9rySmoMMxL+voRYXF/g/cVvWdTCrZoAaZwSZw=":{"valueMac":{"type":"Buffer","data":"CNzGa2st8z1A1u3gHL3dPtiuKK/NBHn4niBvhz9Q8YE="}},"eMSYWUaKyibbphUr5oTBzMhyUKpgXarYhj77qWe5IaA=":{"valueMac":{"type":"Buffer","data":"MEWDxtt7vn59zmr4x0F489Qb745DGulXrvs3blgU/bc="}},"efSZPPnYcc1TQH8VTmOvefqEBGy80hJ8l5GXUQjYTXk=":{"valueMac":{"type":"Buffer","data":"kSDpwH4KWYgp12oRd7GvDpbuEI2nnIZsirjfEIDABUk="}},"eqGg9PquM1GnrGzavR4Enrg53rFCBfVE2fVG3p8quCs=":{"valueMac":{"type":"Buffer","data":"+Gvu00EKM8F/kNw+T9IzPFj1/Ys85UtcedBS6gduMZc="}},"e24NFHxRYCBfsahTIwn31CGWtyhyU3pLmzTLCi5zpE4=":{"valueMac":{"type":"Buffer","data":"yAKytwI3/5Y4WqkWP4w/Gk4rGwYFGgytkE+RbE3ERgc="}},"fSK4yVH6yraGDbCg7wq8g+tpg6PKsFbU9BP5EwI/wbE=":{"valueMac":{"type":"Buffer","data":"9clWnyjy7FF2568cES+hS2p6WCinJDwS7i8y8XL33mc="}},"fYlVLqtVaipbnxxJSsprfNBfTWem+ZHPsoDP0NlrP0w=":{"valueMac":{"type":"Buffer","data":"UuRd0WcZgbGQ4Vr5KXqoxMUOc/2q6npmugr9mx5xP14="}},"ffdNB9ThxaFv8ZCdUquuFLaLjCnOoe2+Reo5Lc/TG6Y=":{"valueMac":{"type":"Buffer","data":"q32+uUc2lP9emPVNFR5DP4KIFgPOX6otwCm9KlBMLrg="}},"fmS4de2KGKkuv2FzzfmmLWzWJpUd5BaqxF3bNPobLUU=":{"valueMac":{"type":"Buffer","data":"ePrp1mQoM/3z1Z2L1bsdOUxBqNpaI042DORGtPvyGFg="}},"hIYKB9J9yq4JPoMl/REY2l0Utg8cuL1fMZKxz+IXAXg=":{"valueMac":{"type":"Buffer","data":"N+H1J/X057ilPfZhdDnxzXQtFxENOD4zSg0AuCbehTU="}},"hMWx2ZPmtPc3V8zXEfnhAhgUcvmB1wPyphY2o/aeRnU=":{"valueMac":{"type":"Buffer","data":"fWnLHVjsuVS6iAaQiFeZ0iR8gntpnRS5tr0YfLCbg0w="}},"hcRd/c9s/sw0z9RP9LIjaOs7OxK7xxb8FXMgzmeKDjo=":{"valueMac":{"type":"Buffer","data":"IOyI/XTQXdpH2F8FnsF9AIEOHS77Vn9QBQ7Q+NWVplM="}},"hen72+70FyyXVdLppL/1UY9z3b1W7n26HQia6Vt9p4c=":{"valueMac":{"type":"Buffer","data":"ZHDu27R3MhlgO4A4frvDjersGmvseK959qyJ/G4QPJ8="}},"h0qZtwnc5H0I94k/2gwmDI2geUIfT4RxROhjYg2objE=":{"valueMac":{"type":"Buffer","data":"5bCpExmX+DXPAWQSKr23KX5Z9D9Krj7S/QdDBhnP1Nw="}},"h8BM0y1fWgEni+b1R+JZmWtq5mtoCpwP3XztbSHz/Fs=":{"valueMac":{"type":"Buffer","data":"USoDP83QeHQ5wWrCd+E2i9Z3V/6FBjB5+Du1nkFNxlo="}},"iaRHDa+tjfmZVLuWRmItNRF0OWctjaxZP+/II7H7JJA=":{"valueMac":{"type":"Buffer","data":"jhdJSIhBwkREP377Tox7O5koz3PfEMuGDixUBbO0NOk="}},"isPBGtE7+EUH4ZY3Fk6Bzw5T4+Fq6ckmqqlk+yQeR44=":{"valueMac":{"type":"Buffer","data":"bsJ8pz9DwLDtt3XSgA1N06vd++UIKyUgvWZspInSUPY="}},"iyfjOg+e0dXDIACsOO6N6VXbZY17HQPEaRffJIjXpHo=":{"valueMac":{"type":"Buffer","data":"X4hqCboaD7vA0qK0NjBri1tbhZGXO7I5PeEFleujrJo="}},"i3nYOfZxqFaY+IG4IeGcHht8gfeLlGL6jnyCgEw/Z1Y=":{"valueMac":{"type":"Buffer","data":"sKSxmGirTBOSHw3TgOl9Wm7G5bA0+puolqv7MKntZcg="}},"jJvRxofMbNxGEMeawnmGMqB/WEZRpgE11POgXubd4+w=":{"valueMac":{"type":"Buffer","data":"zxuaa43I2utGeatyvxHHiD4Xb4/X9wGrUD3Ir4hWrZ4="}},"jQebRmtwnJ2d4ZT2aomRGUhW6umPevWiawGeGzxgRQU=":{"valueMac":{"type":"Buffer","data":"arf9tNkcnviq9+/qGSkY4OwZ8wKUj/vb21CS1EfB/cU="}},"jeViDj4ADJJGJtmOFoldCU+bNL3kfwAfgDYVHJKtUcU=":{"valueMac":{"type":"Buffer","data":"9ltjUxEd8+KfI7IIcZ/WRmJW3Lu4FHOUQfm1tXA2Dm4="}},"jzv0Wcb7Jc5GvZ0/E2K1OO1ZQpfpNsZaBdaxB2deY5U=":{"valueMac":{"type":"Buffer","data":"lyOIZXOVqarpLJ1eA/AuUX2EHNKnOEYHCs31QSJYYuY="}},"jzwl7Soq/x59pwHAt9j+bn/zMVKniLZsOOGSw0m73rs=":{"valueMac":{"type":"Buffer","data":"u+Q77HLiI89DXq7Ci1N2g56Vde5TLS73OfZzoOveGYc="}},"kKhrZeeHoymLS1sfwuzs6Vw92yTHag/l+gVEWd0P2ZE=":{"valueMac":{"type":"Buffer","data":"uXRF2DIZUmIJO0evKlun/JgtrvuGwHQvHshDe+iBDpM="}},"kLc4OxPzn6MM9jZfHf48mhaWM6XurMaeW7fylMan1j4=":{"valueMac":{"type":"Buffer","data":"xWV0d9br2TB9Djcz0MaE4cvbVm3MKlM5cWaD6BuNABY="}},"kO66K/G5DrTKVcIKftpyXzwZNB9f4BtHLHNurI7nIsE=":{"valueMac":{"type":"Buffer","data":"iFzN5FWPfy1FfNob6gwgJ+TH+3JzEsqyyRtS9B9Tf38="}},"lbUoorpblGyrRuehOMVmlTJuizSDDHCjAvKVXEJngoc=":{"valueMac":{"type":"Buffer","data":"hMC5K3mqAVNa3zTRQrtb7jk8TpeOEY4QlAWaZPMRwG4="}},"mIrLd/XSl8x8WG3i2GyiFPmlea7frIPUnjGeUGMzx+o=":{"valueMac":{"type":"Buffer","data":"4kQPJ81sCrXuWQzh8zyuQhZDVjxEpuafEGNtLDL8O1Q="}},"mN78ySblI/Hvv8FMlUYk7oONhR7+2CCLfeIx1qyNEJg=":{"valueMac":{"type":"Buffer","data":"l9Ru2SmwlZkfgNRrBJ5Q624MdYuif5IOykgD8570voE="}},"m0CZ3D7Rpb7s7ZOIfjRnqYOS5USt6A03tvSYFJdRfx8=":{"valueMac":{"type":"Buffer","data":"Xv9HS0NJdlzc5EIX5mENRtmT2dI1EzKmuXTVT5Bkm7k="}},"nWQPf9mRpBMpOfQtoj2UHB4PgDpr9aI3gT86Zk3cO7c=":{"valueMac":{"type":"Buffer","data":"iYIXNIMpmnnRKApLhs3/lkKicXN864YMJwlLEkchH58="}},"nacg6+F1pBaTFvud3RaT745qaO+bqfRAGV1Y3lWoTak=":{"valueMac":{"type":"Buffer","data":"3qbg6yCZ/fUSJsy5QPDeOMHQuyzWW7jgZmM19c8rUko="}},"njQ9eVVNI/js2dyJCq6msHu2c1NhNrRPDWTXH2qbObM=":{"valueMac":{"type":"Buffer","data":"5jPOWqYCec4Fx6L24hMCyphtz83MiQm1m4OpOhmIQfw="}},"nsNvX83OwneERdMHTCn6FTln34yexOUQlNLupZIKyjQ=":{"valueMac":{"type":"Buffer","data":"CUvrEYi+Jce0+U/oW6e3lmTNwEAhoky0OJZxSX2xr1M="}},"opAdB9qzV2BjgY1buCwlXt1X+ELaoN2Qw2BIbT09qB8=":{"valueMac":{"type":"Buffer","data":"DJtzfCsn7k74uXAle6pR4uWVI8vu8omKxXvaWHWmUQ4="}},"pNSARluFlWHdh3GZCZ2Scsxk5BQ/SHJb7t3ZfOkaR9E=":{"valueMac":{"type":"Buffer","data":"C8x1xGgFUA50ipfIT06uF2sD8PNSsfCMMSANhawB3jY="}},"pzyHdSPe5vQujtFyElOw0IytkTQ39YPtHfW7CPT5RIA=":{"valueMac":{"type":"Buffer","data":"KH1X7zy8vKPg6yyunRmi5kJYFM1Xep9SmcVnCqjZHcI="}},"p0agKIEl8Zy5XKusE61rSnLsqtwP8VCozmBhWDc6bLY=":{"valueMac":{"type":"Buffer","data":"4qU30hohxuFDdLFDVyChAk5Z9XmSowKsQB8cXnrkIFY="}},"qESP73yvjPEOcd2bOii5JaiaMHJWUZiNVbYwJC33SBw=":{"valueMac":{"type":"Buffer","data":"iGTlp5KkenfvinLBAcDm3bPScJilolsSm+cDHayl3go="}},"qOc+ITFue6Xi0T3+kY3IKG5EQS86CJg7/XqwKzq0rlM=":{"valueMac":{"type":"Buffer","data":"YGZ/R+mVUrXPn/yGQRmqf4y5mDw20wgE4tm8V59OUBQ="}},"qfAd+3unYiY1R9r/oxIoA1h6kcyBbTy+zENa7gOdK/w=":{"valueMac":{"type":"Buffer","data":"D2x59TL5SxEifEc6+hftG66fKg2npyzROFT4VkKLdTw="}},"qplGNvu0s29XsG0rRWMC8iiJ0KAHqxHT/63N1qN0bb8=":{"valueMac":{"type":"Buffer","data":"unNZnuYD1OgSrPP7qNWidzFi1RYkxiPfbd1S9fkwCMk="}},"qwMXBlJanv+ii9OoxeYYf8b5IuYpNzcffoetlgn1s9E=":{"valueMac":{"type":"Buffer","data":"vUEd+ld4zqhBQZOYB5i5xNYjYVVBYJ9zxgB/shfcgCc="}},"q02EmXPvKbYGpS/55nDexUPKX28+MvI9j4Tq9j9MZ5A=":{"valueMac":{"type":"Buffer","data":"TEYyZngsqt+7xwd7Bssdvw9vGtEt45bQSKxAo76UHeU="}},"rFt3Hp/aV1jZNKD8N//bIwSI1Vo7hbj3/p1DkD2km1k=":{"valueMac":{"type":"Buffer","data":"Xsslun76UMcElUVuspC7+RARqIZkrtQ1ceDKz7NCEKg="}},"sAHFByEcNhhWWclU5FZ6vKTgOsenjaN1MXhrCJnnKHU=":{"valueMac":{"type":"Buffer","data":"qfgyXFfWz/yStWxbAWLjaTWVLG7TjSEgUA+tbYFpNHE="}},"sEWeObEH0rQ9ciOLjxWVz5UcSpzsUbf3HVClCrvQSSs=":{"valueMac":{"type":"Buffer","data":"I0HdesWMmfZjfZ7PYgNN2ur4QNTTHy/qfPnWZmQVq/4="}},"sZM2N5j0jejTZK+Y45xcLbPZc62wvH2eX7tKzdF63cw=":{"valueMac":{"type":"Buffer","data":"GNH2XX9higtkOYwpjViy4+qnHk5awWif6ZYJMMzhPyM="}},"srZkIlyao7ir1CUohdbata8wGKrRJSw6nFeryjHNJHc=":{"valueMac":{"type":"Buffer","data":"JpVN8woGbyTh9gjOyQg5rvRGOBOtLIVFrujZjwiBcy8="}},"s2rAG4/PMUk2bxXDz93S5dsHWM0Y8hzhEqQt2Ym1gOQ=":{"valueMac":{"type":"Buffer","data":"m/ul0finBIHQBKx2Jgz16BZEmRaVQS9gP0+4w16Z9CU="}},"tQO2cLLgkyYBn652d3LBbYljh6jNl1z0mNUjn7xc4zg=":{"valueMac":{"type":"Buffer","data":"RCKH+DSOT4G5vjy6qt2BfPk/M3v0VgakFCZYMt/cUXI="}},"tSuU8rx38euIWfEfE7huaoaoZfAh8AQn8oe3F14e41s=":{"valueMac":{"type":"Buffer","data":"X6Ek50V5dMXfEt7tHlHROBbj4tfRxBx33P85ZJDFM0s="}},"t+PrB8PinpjWmFEtXSODah/GJNZ3JUChcmreUXYcP9Q=":{"valueMac":{"type":"Buffer","data":"TvjOcxaBgWvATBPDZ1VEBb3QCS8UwylBfPQDnoUpcQc="}},"ubCUy7fel9DzKUPL7wuQKg5yP2pA6dYR4z7dYFp4hzc=":{"valueMac":{"type":"Buffer","data":"HSlhUmjsa8xJgXQOa8NrTv0nt5t9UgvCuYQmWq1VYTY="}},"uvT6oxYmR3L9/lEUW33SH+6IxL0wpsFtNkAAkzdjiSA=":{"valueMac":{"type":"Buffer","data":"cARavU8szPiK5wrjMSotrJMsBxD602HSfovlpvatAwI="}},"uyMUVoXx8TtqOmICIDT9WHfKsgWwIZeZ8gjGiAJVFB4=":{"valueMac":{"type":"Buffer","data":"VYbJu2Z40ueRZLTm2paNfiaZ+/4f5rorZPqIvD1ZSc4="}},"u5oZLZuJypzmG2txLvS9QbIIcWCBfbMbpkjri9Chmrc=":{"valueMac":{"type":"Buffer","data":"EYgpD1UcB7/mASQpxaDEY9dROKtXl4l8LIjHG/YJG/U="}},"vC4Gz7qmK7HOk9l9pqofjr+Rvl3vLJDtLZ0J9IFGI4c=":{"valueMac":{"type":"Buffer","data":"lumIXLjid1dlGy17YGPD0ObrghZx4r+4ossmPBCR1ug="}},"v0EKPCDDfnHeFQ0iMq+fLnjTbRRwgC0/0ONUPx+oaiM=":{"valueMac":{"type":"Buffer","data":"gKj6xJfljQ4telWmmA4DpEj9B9SdNdL8zpg3yLimc4k="}},"v8mbKHYDM9mFBoCpxA81Ajz//iB5lAg6p/eIBQzoC3c=":{"valueMac":{"type":"Buffer","data":"1xqSfH7hKkY52OJ5FL9chopLTE+Z4NX8LIFWzFCC2T0="}},"wHKdNDxA9VwhZOTBXT53WRBhpKStEIgOpwAqJQy6q6U=":{"valueMac":{"type":"Buffer","data":"dLs+DyA06ZYWDU5cn22KRKagOduVcLgqS3ydUT2JIdc="}},"wsK2MbfgPGXzc8Y7zkOm5ncfXQhUKRCUah/uz4b+ob8=":{"valueMac":{"type":"Buffer","data":"1t8c4ERpkn9lMW6tcZSN5wt/rN0nhMdh9p9b0QzZ3pA="}},"xQgIiGLx+trSkJQR/x56QaIIFJbhsUxPMm+xwhDxjTA=":{"valueMac":{"type":"Buffer","data":"P8zq6+Tij0upnPwewdhxP7BcqOCizOo/pVRPbZYHtYI="}},"xxRq/Uoq7jjW5g71OQwqffURykbMSOjKWoiNMDkLi9E=":{"valueMac":{"type":"Buffer","data":"UDUFi97FjnbwnIGVV8dejwSKJrX+I6HKX+Rhkqy2Pn4="}},"zEwoSUBuUZ+lbMluJhqrkHb/FM9ly926Aop/nqJtzD4=":{"valueMac":{"type":"Buffer","data":"Dh3FWy8+or/PuidwzNTchRe41fjno4mNZikg01s4Qfk="}},"zXcG2dlb0/380Ga8qHglx8MYT87yhMB0/lXZYd8O8uk=":{"valueMac":{"type":"Buffer","data":"2DRJLRNo70vLf8x85gmwkq0TD3UmCDkAFbeHtgYxN5E="}},"z+Pdzq2m5Mu97X1qCI8ZBvB46xyyz/W2J7giy+suipQ=":{"valueMac":{"type":"Buffer","data":"P4R2fzk0NnSW5glNFFMJOtOyeBrLs9u08RHpEFBjC/U="}},"0HU9cZV58qECLHklQd1478qi6CJDfyLRF5xD/YvxXN8=":{"valueMac":{"type":"Buffer","data":"H0ewMZyDXib2wmsJUB2nNzj015C8E1UZ3IG0B9+iTLE="}},"0YK5h+6v0Xej2Y0X7m6JECNQRp8XVr9mjQdkFWki0K8=":{"valueMac":{"type":"Buffer","data":"WEhFAmM/94mtvGYu9CMWZiHlKpep13SsfurAM9WuYhs="}},"0zMdiNOMRleVkJKyJRxM1EC7KH6Gwz1RgDH+FLL/Iso=":{"valueMac":{"type":"Buffer","data":"Om78rSCQbvZfErtmZdz+vMT9Roj2nxxmy8J+omjMsdg="}},"2PmNaswSkGSwVNcd18/8paL+z7VsBdzuaSjOFF+rpfE=":{"valueMac":{"type":"Buffer","data":"r0g3V3kmBe6m3nb9QuYLB3wGbKCfVmWwpQSqvfrsJJM="}},"2XCLVGXpT/BzKXD7F67hJ0cdXivu9iEhTUf0GRjStPc=":{"valueMac":{"type":"Buffer","data":"yjiyrvISo3sxJEpe6gRBcWhVR66nVCUji0dvW0ZCwFU="}},"2rDGuxgrfW593JIO5SsuU44MyX02sIroaMhau+jtQro=":{"valueMac":{"type":"Buffer","data":"QLBRZjKz0qdFKc3D4XtD4CcD+HEhI7WrVOV/aKFJCUY="}},"2yrg1lc5X1T5A1V1pMc52TmwVprfP43HiOC9Kzfx3sI=":{"valueMac":{"type":"Buffer","data":"PXnhTBCMHWHAP1DRUK5tKbND4tBLO/a4qRc9/QZIX08="}},"3P0UfKLGxTQFMFPtg/ucy3NllRs0jiIS8+0x7GLV6Ls=":{"valueMac":{"type":"Buffer","data":"kdj4XZjKyTp++r1zpKxDNnsWzn7cxEaIczxOY+c8hyg="}},"3abhl3NjqFi4v719SBPuFzHdX7QBFIYL4TbI9QrblMU=":{"valueMac":{"type":"Buffer","data":"VBi0nkIbhCKVYHktLN5lICjxG+2BhJ7GBFvcO8KmJ54="}},"3/bKC+XL+lD4wElbA9rG+DT8GgyFcicjJTMURBNYg1A=":{"valueMac":{"type":"Buffer","data":"2jqS93GAzmb5sUgo63RsG1Zao5DnSLW4eu9y7NWMPu4="}},"4WTWNJGj2UM/JyWjSl9f55cRK3uyQKN/UtcgQs41gAk=":{"valueMac":{"type":"Buffer","data":"pRNSwKsOuUuaTF7qEAPZuo64Tk4NVsnxgM9Ns9Iddfg="}},"4l2qc4K4Jsicgt7vIv6NZ1/2iL71mP0Gg2yLdDiTgpo=":{"valueMac":{"type":"Buffer","data":"1/6a+YDI4vtgimn4LTb98N22xkciN6phld7jcJmaSSI="}},"45WQqZQbraDW2sCdz8HCtn4nnz8JbActc0NCyyfJrwg=":{"valueMac":{"type":"Buffer","data":"MJa9oCg0hcl/gnpwsQ9WLwJwuDwsKKGA445ycflpCJo="}},"45uy7wcp0p7kUiuHxgyQlSfnfGxrVCEXxW0ZjxwQ3Wo=":{"valueMac":{"type":"Buffer","data":"2lJrkCDIUDJa1BCmppjuv5Mkf7fju2KJCYHuRUNNXiQ="}},"5Wi4zLmltGOW1ykWHu1Un9sWtqZYTOkdmAAvoZb8MSY=":{"valueMac":{"type":"Buffer","data":"RasnMlicLwDES7zYK+SPxDJ0grB7aX3ED9/tcAgQePE="}},"5mlM6EKqrKQfVhpeHbCcxh6aqBFL/99BHyJZxPyiEMI=":{"valueMac":{"type":"Buffer","data":"JzLbXgZyk2XlN3emo3UGgZU7yymw+MLjR1eOVnJP+2I="}},"6cdLPezNXCjGH3+m4hBf82jj6LuaCOzJJPKFWZwiZc8=":{"valueMac":{"type":"Buffer","data":"/ZvPt3bDSqfrXXnj5oJzDKQwRzO9otLSj6JOov54fV0="}},"6xYajDyEALt1FKMnEx/4KhLVtb/k6cjm5o/UTRENDlM=":{"valueMac":{"type":"Buffer","data":"yIXxZLHt37lUvwWASpQF275HgUVe7C+4GtMPs6j0j1M="}},"688q9m5lYqgxLCx1+h/Ceb2kVTOmMx8UPLkvSlMJ06E=":{"valueMac":{"type":"Buffer","data":"Bptq2RYifg4TD/Q4sd5ffCVYM1CZpmgFfui79WhYVsM="}},"70gkXrkr2gdm6nQ2yBUj0ECU3xEINs5MZLSqYfcQwxA=":{"valueMac":{"type":"Buffer","data":"v+3p0SQQXgUktBAWEHIV9JQBFbPt+R23IBgO6WNQUcU="}},"8NdQu49yrAumJmrIY7o+Gw4qAOXqaMoM/sTtesshFnU=":{"valueMac":{"type":"Buffer","data":"Nk2tgr0f5eqMmsZdOKfk6NLzpFyYlRZNo2ZSIFr13Mc="}},"8kOt3TaQPnxwgGJOB2KJO9c5XHogLlq/pbP4rORmac8=":{"valueMac":{"type":"Buffer","data":"qz+EOaDZtcBl641TE7tuDGOHEuStVpLXyjHeC+/7/4o="}},"8wSghcbooQDQFb+zGV/4qYqTXxXaisFyI8kfR3N1z4w=":{"valueMac":{"type":"Buffer","data":"FwE8iIYAnTXpb2gijI1gxiUhHv+cbIxV7FxsrvLZmCc="}},"89ONbhaUevzGjBG6aJAUADYzfhcHHr3+SkFxZliH7cs=":{"valueMac":{"type":"Buffer","data":"Gw6OYmJ8cwgqGNZfBqBf59bxyAcZ08Vwm0lWYfXRVtw="}},"91hhuR6U+Q0YEZvbR6l5UL3Y1s4DFJpForvh+g+P9ko=":{"valueMac":{"type":"Buffer","data":"V4dK4h8WQf8LUc19nq1oSVcqn34Upbt7N5UtNKrDxwU="}},"+BVbftvJkclbOJWydV3hNSypzS80RCxFDxVYvqFRQes=":{"valueMac":{"type":"Buffer","data":"/5AznAtUQAhA7qjs8H3YMyW0jCt+QITPYm2WlL+hz7I="}},"+I8ZpgeNuU9fIo5Xzr9p2y9a/hYXAyMXSxZ3Jp1t4Z0=":{"valueMac":{"type":"Buffer","data":"jJFw6Wdag4yVVmozIKeVh8WQlL0ljB2Hq0BjDFKnnVs="}},"+X8pmrQLYEesuz7PlkjHpmZRT+dRmVfN4WAAk0YYAHg=":{"valueMac":{"type":"Buffer","data":"Z8oqZUXkykqaBPavLzI6RnMKJ+ygsH3bYud2uFC+ZSc="}},"+hQlyP/8D4uocQV9FrI9R29h8EsOpGiY6fS7DjIiR+M=":{"valueMac":{"type":"Buffer","data":"1XyjL5DJXwAkJcJa/U6+7h94Lm4grim+i2BP6Sn7dhc="}},"+0W6zvibPLq2QWFccB80GD7FVVZVe9hX1eGcnjIAkSw=":{"valueMac":{"type":"Buffer","data":"ToeXhRpmpI/aLqvmgdq7xmPGD5q9T5siCLnskfRQSXU="}},"+127KXQd+rv2fiYPhcuomD8O8NZfzDjWxKjCZh7iQm0=":{"valueMac":{"type":"Buffer","data":"054zdEOwL/c5x/UHdNLYGOMr/nK0a/tag/WYYAwNlYs="}},"/TMuooJEdgEwErh+2OT8es2BxRUg/vaYD98c5JPzKIg=":{"valueMac":{"type":"Buffer","data":"C+TD0WLz8Y7Wedmm5YqG+mqVqnE0y0oxLBkTCUhoM5c="}},"/gaQo+xlL6TLEZoB5zILgwZJG92u02//Hcdli7l9p8M=":{"valueMac":{"type":"Buffer","data":"YfG0DOhH9KM4MJr7mFpj3/rU2OiVmxSRgv+ioXHLKqU="}}}}