{"version":372,"hash":{"type":"Buffer","data":"pL1XvDKT2yZEV9FlUKco4FqPrm6RfJ6IvqxoZxSBi51ESL/o+BTW95ABKE6LsYaajdbO3suTijCvmPcDumy81D4z0qzih/Q7iTTx+9bmn4Va8Eh4I5BAiM1EDwuB0HNvj7W81Qie05sqImER5CUP79GLl2nWOIEvJBRG3v9xTGA="},"indexValueMap":{"AFtPw7gFOkUlHHzgQy/v3rqYF0d+uyRNrZji5A4CNV4=":{"valueMac":{"type":"Buffer","data":"CIx7pshaWq2+/Kkt1k52wVDOYFyU9G2JtAJJTlQ5y1w="}},"BfmFKCVu2pDXCqSja3007rVf6t7gcd54JgKB2qjAfec=":{"valueMac":{"type":"Buffer","data":"BvyOrB7+/J9cWrJZ7N4wZB8q8vnjtsBcBlGMh0T1ceM="}},"DK6lC9qH3kk94WL/tSzsAHmeulJ2xN1J52zjssK4MNM=":{"valueMac":{"type":"Buffer","data":"POsCnMbVSu1b+pS2AjCFXFEy7B019GLpyR7arHD4TZ8="}},"DOgEDaf++0cbey6biFsyI35MKtRbo/26DQR3VTnF+bk=":{"valueMac":{"type":"Buffer","data":"cYDYkhZwlb031MrB0rEHVq3ZEDh+DqHKhf8fnkKn74A="}},"EOVbdpm8ykVnvX0HO1NpK0pb7OtscizWyVY6246+Zl8=":{"valueMac":{"type":"Buffer","data":"S8LoApdPS1ZSNBCUzN6aESIQ3jnUsmHXB0drB6yn/60="}},"EPbwLTSqeyhcjZzjOHcqhbVK/l1KWDAHeffAhSWrRbE=":{"valueMac":{"type":"Buffer","data":"I0QZxd1LPA2cEwGdPLkM04C5qanEFtPtw0o65hUGiNY="}},"GkK6YOVM/mL4bw2+o0NT4sqADE2NLcNAyJcSN8iAvzk=":{"valueMac":{"type":"Buffer","data":"fFwXcqkdg9xgU6IVuTLSec3BgGbO9YbpNYWpMrvxcVk="}},"Gxtv+1zzHvC1DG0XiNmMBOmKJZFXVl5LwmRpcg8SpTw=":{"valueMac":{"type":"Buffer","data":"WoZyvgzUFFGS4/LK5/eM/NkH0VXukRtOOa6F+ogINic="}},"HdONYy7cQs0PdhSpL+Eqlw2UlopQkgW20oqnygC2eiY=":{"valueMac":{"type":"Buffer","data":"VsuCM127CIaJ0GHdk/iyN+VijlEjVu8vZJnAyN6SsRE="}},"HmpMXj4Db3FcQDyYUS2pdLjYFrkKcXcHrH0jtNArsFU=":{"valueMac":{"type":"Buffer","data":"WltKpF5pozDKj3YesLjTfJmln7XqH+R8W1wRcu4rurw="}},"HwDdhRtW4ZyieGS48pV5DI6BmSQURv6kI6I6OtYJohM=":{"valueMac":{"type":"Buffer","data":"FAmrMBOW3qAbZzUTiub7VP0Bx2xvhVpN5hMkzv83WBA="}},"JWou4w7XAfAQJVcz4JHngmA6IO3824BvNM7Ao3+mBqI=":{"valueMac":{"type":"Buffer","data":"+zu5kZeBssxP83oIcHei49sWjEakdpxcJ7yIBmKqCrM="}},"LEpjGpC/9c8Xl3MqKU/+mOvoC0KG1O7rxQoebaxvdlA=":{"valueMac":{"type":"Buffer","data":"FQHGz5nfq/J9RHSUPb5ndJmiZm3QWmrvG39YoeW/4io="}},"MGgn+6q60dzGhvgZPsJ7YL20XJTYBA1cKj/canmKbsU=":{"valueMac":{"type":"Buffer","data":"PBSHKieSQZsFaoEoSD7DzNFBBr+EHI8qXxzXL4Ht6Dg="}},"MKBWNoH5nnWPb0b8NNU7ElKMr492LUqVCakotmWcBgE=":{"valueMac":{"type":"Buffer","data":"R0vHvXxYEYqs5GpjH1sjf0RXrRGwdjCPCSB7WCkv0Jk="}},"McAWw+9LB7IM2EJzPpcPPKJjBYq7HrUMGz38zmHUI08=":{"valueMac":{"type":"Buffer","data":"jZflxR8kjmLrXdIBdm5/I3XvaxP4GJNos9YFd/wNe60="}},"OF1L4pbv8RJHmEhyTiqeTGDcRhEDQsmhOmeyP39QTRE=":{"valueMac":{"type":"Buffer","data":"Yg4Jg7iFEsf6yioy93rF14v9sqtqprtmoivlz36Qzqg="}},"OjVJONRexI2JPbP+Yxhz7oL0dvVpJS8KStqWzIEwi8k=":{"valueMac":{"type":"Buffer","data":"oBRz2GX7h9z7w9kkuqNcaozGs7CtHZ5wumBo0BACy1I="}},"OnJh9of42EiJV8kCXP8n++f7VXb92tWqbuA7LMOtsVg=":{"valueMac":{"type":"Buffer","data":"JC21dEM8s7bY21EB/yVY8DMsveI/6Bah/xoEIOm5+Rs="}},"PW1FgdrU8wg1Ity7JOzYD/qQR4uJGa6N7Agujs5jSJQ=":{"valueMac":{"type":"Buffer","data":"gDHyBeuQ/ixxNM6ndBZlRQ6GCSDpuAHZvlJ2Z+9CCFw="}},"QSbNccnHMJZ3DTG3Z/3e8UjoplGiRbnpHKbDibiEEzI=":{"valueMac":{"type":"Buffer","data":"WzT/cF5hHfDPJ/WOPD4zFJR2pf9n/+W91f6UW5wdcyg="}},"QV0F4KrXa5iXbm0ixCnSDvecaF25xDamGQ9mT+zJ2Ik=":{"valueMac":{"type":"Buffer","data":"qua0A/G0rFt9FuhtsGGYoZtOy+1y2tN+qNNFUfMYg/s="}},"T1CDTZN7+S82EgoxotU61kbKsh4LDSJW4MReA6dRo7c=":{"valueMac":{"type":"Buffer","data":"f7DijMPi2zGyj9heS8LyGs6jpkgFEHq517028HZxcf4="}},"UFz0f26THWNFRphRNW5bwhTWUCtsBVRaHU2WsAxICvA=":{"valueMac":{"type":"Buffer","data":"/FYN3wtoUjmu9SyU7JV1stomSUlC10hPLIb40UBjvNE="}},"UajAhgMlUzGTtVDvAUhHlarcUYeaJe4tBfa1T5tR7Pw=":{"valueMac":{"type":"Buffer","data":"JAnVSzABZHNmBnJT5C4CC+tl8saewHmnYS+MPrIn47I="}},"VU8MoaigQmIfQadUGDVPbke0UlGDm4OFKrBcYj7IF0M=":{"valueMac":{"type":"Buffer","data":"DcfX98GidCf5zJc9CQFDVWAD5Sz5XwwYB8g1bMrucP4="}},"V/ZS6UbayMzRUEpAlcC9CjhhFncy02F9++GmViiBGRg=":{"valueMac":{"type":"Buffer","data":"v7vOmytNwd3u+AnIRGKV+xHFBkULfn0Hzb6skrs3jDs="}},"Xhwl5wHZUTbfrdN9iO0Sg86/TKwlxgDfrvb9fKp8vZg=":{"valueMac":{"type":"Buffer","data":"CQ+8N6BEUVWMTlCmId2b64Teec/0hRxYPNsVchB5th8="}},"YP+45gLZ9edX0elUMy9sJcbFoK/tIig4nLyxSuJMNp4=":{"valueMac":{"type":"Buffer","data":"sHHbp/8AbYHC5FTqFNHcH/bkJ4wv2mDqyiUgE7AssWI="}},"YQKx0SBGR4VjGrEPfYeZLQOB8T0qZvMt3aMkU1IR+2A=":{"valueMac":{"type":"Buffer","data":"t25uJTN9+7OhrZtuRYORbtjbxo6HX8LqYogmYzVyO48="}},"YiPQBc985r7F5AcTQrAvARlewU9XR5TWgpR2b03cPuA=":{"valueMac":{"type":"Buffer","data":"4OvVselSg06vurOJfpE/KY8a9k3qRAGR08BjP4lotp4="}},"a0XV3z1gQmkzDK9JFP61O91dZQoqeUnSZHXsuv5vQmM=":{"valueMac":{"type":"Buffer","data":"CBM8J1hBh7Mnr8ncDVfabIVSa31EvNb4XNf2bQK3Pzo="}},"a5iHyq/3/Rmm8yz0KjSW1KduQsyd+cJ/cTz2IhVpYcQ=":{"valueMac":{"type":"Buffer","data":"geWyOu9jVyzbNioq9wrGivkUbe6fu/o5BEAhWe6TOpk="}},"cONNXqssBBPiVyQFTpbeqiZYHBDP7LJ0ycxieorh0/A=":{"valueMac":{"type":"Buffer","data":"NuFNwDHS9lfVUemrciwfEpKddQNg876ZhFF4UIHugck="}},"ccNzx33VGBv/eDpXhtsQzBdeCXzUdKeOO7YWvAaRxHs=":{"valueMac":{"type":"Buffer","data":"BWcr4ZApjUdgfeUtemhSKfylazhVg6hA/fdCzsmUbFw="}},"cf5+U6QNzPXDbwC2VNoSquRHXj8X25zXhAJBmmFgS/s=":{"valueMac":{"type":"Buffer","data":"ur2ICX1co44JQ90fRWH/MLdoJu7bprIq4/Pb0lisfNc="}},"dLA5uc5lXNaYaUI+SI4sYgCrVzlIF+SClLJMoNG7NUQ=":{"valueMac":{"type":"Buffer","data":"RwH9svoSxJuRVKQGnV5Z56KXnTAOAjcSQ2lakZ2jXqI="}},"eY5H15kp50uaqgbiRPXNxfxumrhH6ZM7BVVkPEkIdjM=":{"valueMac":{"type":"Buffer","data":"lleowgXqI2pLTxE2BE00kbbMnR4EG8JIyq0aqnKSD6o="}},"ebcmMRTuV2fBI/ohgqsS5M63X2FuZegkiDn4Jd05d6Q=":{"valueMac":{"type":"Buffer","data":"HXvFad82xPU/ilJk4NMNb6f7Bfg0QA+Tz9sHaJMD+TQ="}},"fQ4sq/5XUQl3PdSTNOkwh5Qxk8ub0aU/cQcdnZIPKNs=":{"valueMac":{"type":"Buffer","data":"HeK/Fr9UKD2lePHy7U754hv3i75kM4JexSaeiD8pMRE="}},"gaE69cZUp3eUbWzXIViOEJfHXedAdfHWj72GGZjVe+4=":{"valueMac":{"type":"Buffer","data":"4ZgTWqbjFT0/KbHlndjzEHahZM0hRh0upK73zu/C2m4="}},"goJf/SXx4Tc+YD+Uslxt4sB38cgDP1EJEtkOzDb8Vh4=":{"valueMac":{"type":"Buffer","data":"aLFSAXEoDF+REczmGRANxH68sBoXxfVTIUpYqcTFo9A="}},"jzSxeCA8rexElABCcjqAiwMKUGeQv+2FnXeFjwD0TE8=":{"valueMac":{"type":"Buffer","data":"jI1+PZcVYL6deKBo1SMNCm81GRyGkIlwUi+XeZ3fBW4="}},"j/BXW1ZZDMipcghAB6EZG81U3Pt94opBvtZZ1CREPi0=":{"valueMac":{"type":"Buffer","data":"I1Po17UIXkAQcLkY7od9EsqELEAc3Zc5nISXkhv/y74="}},"kJzvFZ+NzU5WOfjGXiTCeBmIRTCFp8scxEJwC51lBHA=":{"valueMac":{"type":"Buffer","data":"90Z7u2goGsXVRijQNJCCw1INCud/myqCeWp5GxFBR8w="}},"kyopiek6QMLuk+BVfGFrwz0PnD403k1zpY/Ve9MLQfc=":{"valueMac":{"type":"Buffer","data":"XuIYh2mq2hZAvaDW++g8H0hz1P+/KvYyrsZ/lGc9z1I="}},"lLXQhXW2vjtVXxFJ49NWORYyzIab4rpzPEnCbnXlfHI=":{"valueMac":{"type":"Buffer","data":"UTSmebCtOeVVmYHdsBPOaBGexKsLSpNjsgeG32Kc5vk="}},"lVIpkdWwp1Y22lePuR2HSGnui/9Wmqtsy1fRrAGj3Bk=":{"valueMac":{"type":"Buffer","data":"I5vo0yQnxcmkeju+/urGup9bRmgn4cOl3Lc4iQf8Y4Q="}},"mDZS7FpzIaoMEzEX4m5U6QFbjPC4eHnt7MqTpFOgPnE=":{"valueMac":{"type":"Buffer","data":"Ajgf0NPFE7S9xyS9rTH77EWtbzdJHO8s1fQ/S7rpW3I="}},"mPtyz4v9k5Z+/su2igDu+vrvl8wGyBl4AkFt9jh2G5o=":{"valueMac":{"type":"Buffer","data":"XDLNYeFsohR9aBw/FmDsThVRbmso4mB6Re82hL2onjI="}},"mtUIXH9Fvot2ds60Ey6brVZYacb0JVdsHMfAHgfF3Pw=":{"valueMac":{"type":"Buffer","data":"hVNApFLhjgrVdy7XxW8HspJYAk/5hcYVVH0xdX+t4oo="}},"nq26TWlo/4aFX+/cw3cle/Lx1KRBPUtPU3vBK0IjdWg=":{"valueMac":{"type":"Buffer","data":"bpi/FPo0FpYTvHCg4hsHoNKVrNxiFmbDOrGSbRcCKEQ="}},"pGahrkJBwqdhhHphsCQOnAbri9J9XzK3odet0IOZjPI=":{"valueMac":{"type":"Buffer","data":"rtfNabZQjRarhios6frguOa8NzDYmTBIdGzrMNEoB04="}},"pq+mDZgeR4pKQFBVmV6qomFemc6hZDu3oF8Dqyyr40A=":{"valueMac":{"type":"Buffer","data":"XJz3rfdsm199DyU7f4rdre2q5gub/kq0/oq8oJvZ5Qs="}},"pu7QvlwikbOJl5BGqZ03DGgN2Td1/+gpe4PX6B5Ruao=":{"valueMac":{"type":"Buffer","data":"byvVyq8yfR9ZP2TCX/08ilZoDmID3dz05dy/fPVfXfY="}},"qDmagMyJA6BQ4xbgWgSrI9RVscQP+52CBAK8rUaaoks=":{"valueMac":{"type":"Buffer","data":"Ham5aEoUkb72fTSE3AEcP0NmOsTvvFJm5XWhOH6TiJ8="}},"qoN2kuSHtkqxn7DIp3pG9qjgOp8m2ERKHQpnqD3yOPk=":{"valueMac":{"type":"Buffer","data":"KJcr14LUl7wFnYMtkUs6B/X/ix670+Vz2sjruDSGxpg="}},"r7f6WpJH/UX0ar+1l5222ggsQQQ70xXCFqEbZu9b0k0=":{"valueMac":{"type":"Buffer","data":"iSPxCaectf2b0JU+Ltrk0HwnJf3e8nC7TfoZVz+TSRE="}},"vTojNVlUX3pHuli+UcsMHIkm8N5kbGlv83FuvIQPShU=":{"valueMac":{"type":"Buffer","data":"DnWLC2DamLMkju2mYmMrqA6pzpYpo07Wdx8ng0/WHfA="}},"vkoJZyBFXOTHmVNnr1ZNpmxzvSaEZnY4z0EyDaJGdLo=":{"valueMac":{"type":"Buffer","data":"goJYU5HkhvbIDJIYTJMVfQQHjAqRDZwcNFGxMY4oigM="}},"wSysPaJWPuQ7l/RITlDV8XW66MphRmJTQ36oALWOMtI=":{"valueMac":{"type":"Buffer","data":"nrQ9RuWValTTHVT4Yiho2BU/iu2b4UwRDvPgsp02mdw="}},"xB5i1lHISizF1DsdVfpixhbYfPr2OZDNo1qwSl2qSK4=":{"valueMac":{"type":"Buffer","data":"7ePRxZP4crybtD9jzO6Lgm1wFJdgIlitLgvV2cmvlJY="}},"x9WGEBpc5jE1qW3KML/7Qly0elIBwvk/TiAdW4SUrtg=":{"valueMac":{"type":"Buffer","data":"xUMKx3oB/5Gny5VCzrwa6nk95GFJmlpkZBVLz/BAlVY="}},"y5mzq8sUk7XCsEB4kdDgWOhs53XmGlcUnzNNRUEk2BM=":{"valueMac":{"type":"Buffer","data":"VvLqCTvUMtAAsQVct5ccTxOMfiHND6HRRqEh3KAW0S0="}},"zRiWlLskzCGpClUNPHxns32shYQ0uTb2BuxO3ZiVJUo=":{"valueMac":{"type":"Buffer","data":"zyj9OGO3u9SNH42giuieDfhACSamuqvLauwSb/npN2I="}},"1U059/klVFOKKGrdlimF9b6mz3jwiz3+iehf1RunfeY=":{"valueMac":{"type":"Buffer","data":"yvCDDFHX06WAGp/fcIS75ucw4YvcPKRD9PznvaIqIZ4="}},"1tHVjNVblXE+OqrLqerwG3r9I6O1g1qv9X4A0HbAcWw=":{"valueMac":{"type":"Buffer","data":"PwASYKrI4v/nZmqSJvtSDXm2SQb+QxfvNzzB390djIo="}},"3AMPg0DghYWVWrt33siiI8caNP0FEOY40JjATeAupG0=":{"valueMac":{"type":"Buffer","data":"lWkU7FpQBEusXdHEyDnkRUsx9T/+brZF8Y7lirUFbkI="}},"3y1SUXrbZPlWQC1jp9IZJIJlzEwWxFaz8r+18WFbagg=":{"valueMac":{"type":"Buffer","data":"UiThvZ9lraYUmVVbmfoFq8F4qtLW2TOtcv7FiM1rQEE="}},"4DLLGjttpPWVYrEDYRYvlT11BH685IDkrgLAdmb2VkQ=":{"valueMac":{"type":"Buffer","data":"DGlruY8Lg5PSp92kWBiNHLlr212e/yLuN1vO/4l9GRM="}},"6x25A0Bgf4wrUbu3wwvPN125Ml33EmvgrTQeQM7mXkI=":{"valueMac":{"type":"Buffer","data":"T6ppZ+Dmvr2Cykgi81/NulPVuLQ1AH2CApWO7gqcQds="}},"7aCM4+Msm3EzsjKhMJABkr5UzxoQTbpMhW7nrWI68Ts=":{"valueMac":{"type":"Buffer","data":"9mMQhyKZViODQ7GT7BVBlpLwkWeW1DmW0L0qSl1+YNo="}},"711ltD7ojpwv7F4AroYPnhNttCPTyKeMGZp2YMtVrvI=":{"valueMac":{"type":"Buffer","data":"tGXBdtyUxp8iZDm+k6l6zQdcUETWYYRa80muE0GjA8E="}},"8wNX6aLpkr/58ymhGmi+c3FVe23hQzFvKlfSsnAlcn0=":{"valueMac":{"type":"Buffer","data":"mNHp08kIyP/xW/0x2/j2G9tqjCOli9564ySDjRHIcd4="}},"86Wpx45tSbPOpSfBmwQPVYu+WEeol7v1etdbq8v5N6A=":{"valueMac":{"type":"Buffer","data":"G3D1bCc50OfDNvhmhlfOpf6zXsysO7E5vjO9jLGL0mw="}},"+CbHBzPrfgzKsd6ArE1idBipLKQLtubsQKmlfiEDIRQ=":{"valueMac":{"type":"Buffer","data":"qW3vlirM2sBPcaFgi2tCdxR5w0/ps6y4HwfT0ZDNNJA="}},"+NB+9+YxGy83zaQshLWApDBquAH/oGN/LR14DOKfcME=":{"valueMac":{"type":"Buffer","data":"M5PwzHx+1F3OOMNf6+wZrbQC/OLkfSE3RSBY54vnrW0="}},"/Knd/ezj9tpE0/AEIg0RDgdhBzRpO3J6JpKtzGMAVDA=":{"valueMac":{"type":"Buffer","data":"fco/EkBIboNrmCb17auNjsjtyiXFmfXRNN9AiYdwJVs="}},"/UwD5IDjmomEf7ENt87fnZHGJFDORilrYe6PGw5DSe8=":{"valueMac":{"type":"Buffer","data":"3C60KdZ6+TVxH/emdwQtHi5hLWHWL1eHv4cwwgLEQVI="}},"Zmk04Jgh5Qhm0fogfdLLSLt+FyZ/PfBgNUOMz9Bor/w=":{"valueMac":{"type":"Buffer","data":"F2v+ThYVSg0rSKPN5VhdFuFr6k2KbR/zhLvc0fmzskY="}}}}