{"version":213,"hash":{"type":"Buffer","data":"qdu7z2178cSK8gdKC/J/jBgz/d8llx4zChibSjGeOvAi7X0BfUZEbQb7X29ytWboyDyViaO44jJL17eoHVjHamgxV+zI4Oge4F+wsC+zVhmOXhn8PqZVBBaGzaL9Z5b5+IGssTHc06Cq9ORqDuG6GWxYMUClkkkZVS5bQwzGmf0="},"indexValueMap":{"ABW18ouv5DohQ4qIUAKDUVC+oTYQpaHcmQUcaY4IcuA=":{"valueMac":{"type":"Buffer","data":"luVIFWL8ilZ5UowGwJYgmB9uEq3Vd8r8MNImkwowMNA="}},"AIJoMlTURCEFjBhv2zTAx3TCC2BHFsanvKO+0ylZEeo=":{"valueMac":{"type":"Buffer","data":"h3R+qNkeMw7zvUFgHPYZlzP9BUVKqhoh5onvAW2H+7M="}},"AP1DT3CkUV9/BM1QCrjcgqWVAQznqxWsxaDmKA98gpk=":{"valueMac":{"type":"Buffer","data":"zxwvFOwM08i3dkqQxGJhSbTOkypa86QPsIaTk73D/cY="}},"AlUoEKwZNn00GriJtoNZxnTy+HeSfGPWeQ12xu1tPFI=":{"valueMac":{"type":"Buffer","data":"bSSs4UTlr1n2hOqWHvreYypWWpntJR7HXNJgYQT+Zfs="}},"ApOXgKLzZ5ATzpyRq/vqcCGuP5Y91f+Mjz/6iE8+ZAo=":{"valueMac":{"type":"Buffer","data":"AuoQPHj9z6ko8ATqWvEuEUkTRsS/u+HqZBbtsNvlkDY="}},"AzqkBQwd8LUdx1vJNokCpfbMjUm3QLnQc9upAITdeaw=":{"valueMac":{"type":"Buffer","data":"v13HiAkLqENKzku5Mhsqdvdc9sZxhhWsQ9AoHKjQ070="}},"BQzo0DqmmRhrr8HkaNekbhL4fgq/V5Fe3ToKJq+DS7M=":{"valueMac":{"type":"Buffer","data":"mNw36RV9C/JgputXaNNMYpeEILSi7bOQ4uBxt4U4qA0="}},"Bjyn4VWK24AnIOUokTCX71JZvRXVa/+MhIOzJ2Dy4PI=":{"valueMac":{"type":"Buffer","data":"kqAMcQKLLwxxkbXc1Iy3iH1s2NdAZCCN5CoKkrm0Nng="}},"Bqghw/kbvgAdls+MXyrznNh+YWPequvI+eLAAvf4450=":{"valueMac":{"type":"Buffer","data":"sF1poDb3XJqI4SmNWDWGibXf3XjzLQERCX8M/dfueXY="}},"B/QUQndnbA3mvI9CvXKgV9QNs60mloxTrAcf4ltHvng=":{"valueMac":{"type":"Buffer","data":"+C4aWLFtK8P5QiUmchOjeaO9YQyHLABYdJ9nqGrawrk="}},"CSSWuMMJmv1tYcGVeFF+X2UvwfVTaW1LffVWBLDlXn8=":{"valueMac":{"type":"Buffer","data":"h2l1PSTCPwEvy6WqxknhRajFnfRA3ul95j4ixhYPPzY="}},"CpYwDkX8rRBWqTTtq/DBwplqTqB/5o/KgyWBCZhWrYQ=":{"valueMac":{"type":"Buffer","data":"rwHCjSNbQNjSCgmnNbgsVpOlDSEuUdBfXNzJ8kw0DNQ="}},"DXZGBvu/cS6UnKjWB1eJDgu2zJynQaFZ0jyG9Tzz0TI=":{"valueMac":{"type":"Buffer","data":"AxqETa54LmiL3m6774f1wWaff74YzDL4FT/bra8KVJM="}},"Dp5RdwGcWPmNXbM3oVBaWOdBkHZom3RImtBT0pxwVCY=":{"valueMac":{"type":"Buffer","data":"Lq2u3l//nSLwCiAKCil21VuhGlcmOFMXsPUKHivstZw="}},"Dr44Izkbhr6rET/79m7selTvD/EQIs0rIzP2IZfWEm0=":{"valueMac":{"type":"Buffer","data":"eR3pfnoyXSAvlpRy+3SG39x8h9PxcLdu+TR6RrXv/BQ="}},"DwhgoKO02W0MzUcIX0fq9rfzomL+zvv66x5HKvtejsw=":{"valueMac":{"type":"Buffer","data":"aPFo6/zQF/MmJ9stjDB+8VrsdfmuwfCiHKmGXGmirBw="}},"DxHe4JFZeVwa0A+8W+s25osYF0Jp4byv6xrtCPsE9bc=":{"valueMac":{"type":"Buffer","data":"nS0Azzo7UQabSQIs47TF9XPWkqzuR3kxnKHmsa+SrX0="}},"D1R+JjJfTGABtgg2UuPhXLhSgJUo/+QqlLSC/bIHFhc=":{"valueMac":{"type":"Buffer","data":"B+GQrzZAPColzguNR+DQVTl0Rd4rlzxmsRqiyjFnD/U="}},"D2/lYdssepMz0h/9JbkNI4fTAHMVb+WMp0lobZlcJBM=":{"valueMac":{"type":"Buffer","data":"SUKSdCRiid2+oko01k3IHdBp7rByoD0ocsQEg73W3ck="}},"EEH+urraIkq6jsjTUbHgsfhBqSp7adRaarlv84v9kw4=":{"valueMac":{"type":"Buffer","data":"rAi30NM76DkmFG6e8bQVCnDGfkZQSwmiz5SXF3QSMDM="}},"EH0/Lpeo3xPrsaMpOwQ7bjpwzeqFAhTsvITZdvp2dko=":{"valueMac":{"type":"Buffer","data":"S0BB4+J3mz4JLxMn4Q9J6QtZs5UCQty6qng9Wirzyog="}},"Eez9jWmgPseXex8KsUZToyZktwMCL2zlo/dPQ0kqcC4=":{"valueMac":{"type":"Buffer","data":"0nA045chi+ywTyFnEbxQph9qEVJwwFAE3dqJHhQq2uo="}},"EhiBH4LyChFXyp+X8+t4IFRXW5Xwf19YP5yiV6IZNLQ=":{"valueMac":{"type":"Buffer","data":"PSgPmALdLxWbjrh+V1vihKhwK3fXdAvddO4G6Wt7QMc="}},"EifQpnJSmQttg5o5HEheJWdo6jUEKq9SgrusTL91/To=":{"valueMac":{"type":"Buffer","data":"yYsjs5bhKvE2OrmWTrZFMV8F7wjlsS+I5XGhcs9GVJo="}},"EjDDv7BWOPw3vr5sJe1OiP2tjYmaR/EHMjNwKJyhqoM=":{"valueMac":{"type":"Buffer","data":"ySt8pPhNxf4rW8ueO//nQdnT4Aktn4hORYE6RGZU/nA="}},"EuCpzXHxW5o185XhzJEEbtWPAhdzydeqBlzYjLc1vuA=":{"valueMac":{"type":"Buffer","data":"EFl41Vu8PrW+DOjhC/Hv3DsSCBUy257TXvtCkXbS4DI="}},"FMySvX15iEOp9Vza2ooF3cNmihTr+pyMnpEXXNP9s5Q=":{"valueMac":{"type":"Buffer","data":"hBeuydnMmShzEOx9syztMaQrq8OPyZSkVmNqNSog5jc="}},"FN73d7ouvme0f96W8S7puOjPxQRdmFvpTR495nvhbkM=":{"valueMac":{"type":"Buffer","data":"3uPVU6PRtlRgYb4ex8Wh3dm/D2WE1vR9ruMgtyn8ZqQ="}},"Fg9INfbrT6m5tFJDobXlFtzWZXmvykmcLuWXii3uGew=":{"valueMac":{"type":"Buffer","data":"mgjZ0Rp6UNHtX9K9YcVf21UCZbktOYP+YZvCkIKZoZE="}},"GF4hjtC16ynm+l8Nn4QlIn2DSzxKyAj175NRzNk7kQM=":{"valueMac":{"type":"Buffer","data":"khkS0uXDu3oixEpG6lDMQuqGQQ4/6Cqjalk9ba9k4Ho="}},"Gd0b8ZLIJQnWj3r6KQp6Aa1pt9gx4tuSQc+Cd/fLXh0=":{"valueMac":{"type":"Buffer","data":"7KJsdfR7lcs5QrD58kxnAvEGGtFBbni2AHXRt+HXdCY="}},"GeJZp/Y8OHWNt7a3XppfiAc4yXeOIwON79ss8Cnn3ZY=":{"valueMac":{"type":"Buffer","data":"eP7zOSI3yxYca88LMxk0lhl+rvNc2ezZ0E6PbhhZjc4="}},"HM2KezMWfDBanRqznpWLYmihkt2tdknQ5+fiNVQbxBs=":{"valueMac":{"type":"Buffer","data":"9meS+lLeI75F7a1nGMxtFRLcgQASohme1Aeltp3J6qE="}},"HY8/DlLRAKCeKQpZLJO3/T4lCS6u0f6Z2EYH3Oqvcx8=":{"valueMac":{"type":"Buffer","data":"l3zyGFmGHHnC0ABQXUEjQal3XF8cs45KkpIAIVcweoM="}},"How4QbWYFYL8mvYrTDMjQZMZu6pVDW0Sc0UeU+ZrYC4=":{"valueMac":{"type":"Buffer","data":"u0oIhhtQRJ+5wFeagEGPCZT3kutA58A0DrsScsY8eqQ="}},"Ipf/mrmnfkH3BZ+FTuc1rpShTZ+Zq24YZzFHb8kG9J4=":{"valueMac":{"type":"Buffer","data":"+L0T1IcDTbEiO2wrkPfQj/lmvRTVnpCKs2ft1GuEvsI="}},"JBRw1xPbyn4HbSUWFMmtB8GdCn1fWnRA11M+TQ68OqU=":{"valueMac":{"type":"Buffer","data":"kzfz5cqo3+KHI+rGS942VmpF7Hbk+dQexcexLEiuusI="}},"JBxzv0Sa/zoGENNctDZTJEOUtcbqIKL5xYc0c1uwjgo=":{"valueMac":{"type":"Buffer","data":"aNNUhs+Ub9kQHRSxDiaqEVQo76BVVwR62GpDiBXFp6g="}},"JDzBFSftBjGq9jNJM/iVsse86frpGsbDc9L6vBvfuh4=":{"valueMac":{"type":"Buffer","data":"UrGjg+Q9in7p2up4h6oeelKq76xVwsedRwDWzMYt6NU="}},"JHbyBLFiL0vWJ3Iay8Ixgo4WYKO/tD6+EBSI50C+z1M=":{"valueMac":{"type":"Buffer","data":"y8jAefQ79N9H/al8dw7KJmfJK/+DO118h1PsFV0Vq1s="}},"JO7v9vOkwf2x+lvD1UzWUFfC6WKAJ7HPOQTwLXeoIjM=":{"valueMac":{"type":"Buffer","data":"qIQDVoOCMz4DMFbQ6UEq0HOFYpLcy1PpEQWjAH2VmOw="}},"J0TNB3JtH6ht41Z5iUJy8JeQkijaG7Idc0yPH5WGoIA=":{"valueMac":{"type":"Buffer","data":"y8ww76umOtLKmUtFErX+PrZES+ffJHlz/t9vi1opr/w="}},"KPSdAzHdRxtEb4aTTkf09IjNIVmY/wonSCvSW7AT2yk=":{"valueMac":{"type":"Buffer","data":"dUDsVyoDpK2yH2AUoHLv9SSlnPnX1I+7isQy/OOdOMQ="}},"KkligKdRzmbc26GTp7ES1zr0BZ3dKwuvHpEltya1If0=":{"valueMac":{"type":"Buffer","data":"9Bo59ADTNZkpwhVTjh7Lua7w9NINu4gU/kD3kdycMIY="}},"LS/wwWUOYcjgyNcJd6g3NjOnqONRmTeG2oSc0f99xVE=":{"valueMac":{"type":"Buffer","data":"ihgfDD1HBkZ1b019ht9+Ynrj5ectiNTEmXehrziZPv8="}},"LTNpA5xwDbEkK8vPzIqXw94thtGd2lsTf7eduy6qMaY=":{"valueMac":{"type":"Buffer","data":"2+rmtybNdRbhD1Z19u2sNIWgwBqNbjdNOQBYeR/+ZP4="}},"LalGgq+GPhMET/SxvhiBIVHJRXZ5dJ3uxlM3wpd3Buo=":{"valueMac":{"type":"Buffer","data":"eN62f4Pv5XHLeDm8aVXOxZ5HEV9j8riclD3C68ZETcE="}},"MHTPEAfho4sPA6wBf0Om97lMhzKNUWulwW/tLsZPtv4=":{"valueMac":{"type":"Buffer","data":"JWHJuHMZkEOha4RMNMR8jAOjFL1kyh0T7BK/5ZrG/1E="}},"NfYbQKvPrazq4vaU8Tqth57jd9HSSNh5KXEFD/M0UFM=":{"valueMac":{"type":"Buffer","data":"TzYY1G1KMdNZDq6qQ3XOv4cSxnu7r4uKEJNiD3m2Pr8="}},"OHj91/uAoeHam+fUxK5TbT3bm8IYpVt0ns2k1g3uvtk=":{"valueMac":{"type":"Buffer","data":"D2zI52YZ42bocA68nATo8WPpeIu+dxU5+Zb9Fm3/SCM="}},"OS05lkGjNvU/Z9wWSLoDjZFndpG5K+jJnVVXxFPTCI4=":{"valueMac":{"type":"Buffer","data":"VttbHNVKfo3QDyQkPuRQsE/M2J17bd9LqadboJT/Gcg="}},"OgyAg+5i37r5OZpV0qoABVW+Be+yu1OuLDOMOqE4g68=":{"valueMac":{"type":"Buffer","data":"8Lan0rjDTXiE6xFKfj1gVtdCACdCV7Azqm/BaonAc/Q="}},"OkWlSCnRVpPDpxq06BxKDTJvnh19M7j2w9S9HDH25ns=":{"valueMac":{"type":"Buffer","data":"Wt0vQD4N50OmQaX0kWQc9d5CHDDr+hmaCSrd1+7oKfw="}},"PDlEPAzFTQfRlWVwJ1FxLnxuQKqCDgt4lNyegc29Kqc=":{"valueMac":{"type":"Buffer","data":"wiKhdlE6aMgM4/BOsQkS61JYQa+weMe11q1nP/kSfxY="}},"PqQ/cZU7tpLAYwNchm6N0QjPeEr4y9giUPiBws7k60U=":{"valueMac":{"type":"Buffer","data":"TIvHJZd1ZAjHlPLo1t0ss5MNzQ5zjFD+oqt34pA4aAE="}},"PsqLQedhVgkSzsbi4/80yDArojhsrgH1TiGFZ6hYpYc=":{"valueMac":{"type":"Buffer","data":"3XkQ6kKP6q0NKt1dlfEcA/iReh2vWzKtkstCnsIqf34="}},"QSyokYi8vYp4AuBocU9GqCwqdek49aMUiQR6Gf9PeY8=":{"valueMac":{"type":"Buffer","data":"p5yUCSadawzbvSzJ2Hz9J63cAgE6XWgY05RqTCiBxcE="}},"QXuYNZmOd6o6F3XHfiifZCGEdIF6rxxWJCp4TJZMXmA=":{"valueMac":{"type":"Buffer","data":"NDSqxDn2IUYsFV9H7iGfxubZc6LHjgUjx3WPdSLG5BU="}},"Q6ziwHlh2IHEO+xo5Mh+cjipdk7hV1aRjxp/GKdBdUY=":{"valueMac":{"type":"Buffer","data":"JQMZjKy248//kdOXrMZShl6zIXttGlrGUiWMew0izZQ="}},"RuS6dT+3eoP/eIqBNFv/QCeZhZKgFSpIFnjSkntabCs=":{"valueMac":{"type":"Buffer","data":"eo5BJKk4dPidp/axpIOV7TkrK9pEQxBOzEF1SSlnCmE="}},"Rwx+mTyUFC1BZYmwlkh/8iJifVDEtRHOtn4ppr6MGFw=":{"valueMac":{"type":"Buffer","data":"+78cW7E2Y6jbchezgoevkN0y4smFUS3CWCXgnGpyunM="}},"SENngzx+vBrqLBj5M3k2+kvxhhvyf2VrWwYvFGBdmak=":{"valueMac":{"type":"Buffer","data":"aBCjbTVUu2QfOuyrZ3vwfJOHxcoqW+9Dhgyxv/tLWkQ="}},"SWk368eMLznKdFD024tpb2pYx+7ayNZh3x5WCUn7bKY=":{"valueMac":{"type":"Buffer","data":"AuI9+hHWw6OXq0HhPSA/3BbKgmSLdIXTGBuQNsn/WBE="}},"TWzcX4PKPPu3lsv+1uACtWXOYPUgMuKCcBKRKHFIOZ4=":{"valueMac":{"type":"Buffer","data":"hGx58voISABEN5jdeNhg6lUINW8lRFXKvYGTRmonLoo="}},"TfNQKFOQHNDzMn69leh1cPdDFaV/TmeCnX/BUCzkxVg=":{"valueMac":{"type":"Buffer","data":"4RDufDKvgU2V2DjhtYKV4A4qk3vJYQjfNcN6jVqhn1w="}},"UMU8wka8YER1ytx9YecwlhDz97tQiyip+3rLmyKjovQ=":{"valueMac":{"type":"Buffer","data":"oucYHovVKtF1wm4B9+cpcVZj46qQc1Q0s32dywZtP1M="}},"Uq3WlebEgIxp+uat+J37+pth3Z7AemfjOjPgmv1ZfIc=":{"valueMac":{"type":"Buffer","data":"YyNsH0g8IAieUuXv3jgGErVOq+rRzFN8eX+o/ZKwqpo="}},"Uv7CNLrp++1ULUcEAb5hR2zQOpqF/JrqtgCpr+dCoug=":{"valueMac":{"type":"Buffer","data":"/SAyq7U14MUesiY+FobYE9fYfPUCrEhqS3O+6zIfBjI="}},"VbFbLrWiOopdkaFBYIc/gm0bvpv1Bm8CaIQ+iGj3nIo=":{"valueMac":{"type":"Buffer","data":"EYPGo2+Epu/0URgx7kKbvidRNlJd2o+fjGvRHNM63jM="}},"Vg9OOaklkFoME/DmN3aPHi3HL7seDE0TKVVrQXSC9lk=":{"valueMac":{"type":"Buffer","data":"WUFGGFos9LmeBmJcVcU8pPUvF/qHkfuqOYRx4InA9nE="}},"Vi16aVkZ1eSeKnhlTkjGO+s+UpFWDNLvJ/LQfABF43Y=":{"valueMac":{"type":"Buffer","data":"RJ10vO+X6XxDjmHmjFOJMRnSDjdHV6vx/v8O1ksyD94="}},"VkzjmD1MW0cdb3JZohCEUbCYtjJFH0cG9482aNIvNDg=":{"valueMac":{"type":"Buffer","data":"QOKzLerhpMHYFpoderNki66bETFMtD5DDnTvMn9OlxY="}},"V1CDSClwmiSBR4vGqx8sIiSs7gW44C81Ql8x7nZMLj4=":{"valueMac":{"type":"Buffer","data":"X3fxmE77pl87HGHi6IE9+F/n4NUIIDaTGmphXfh/uIU="}},"WFWaRYLkKl+ATqg4jPtWxmrJRSI64ppmI+zJ9blaP7A=":{"valueMac":{"type":"Buffer","data":"t6BaxnHicFl2TW4RNUvEhfGmLMiZsO1Y2aWcmAvHJTg="}},"WKkJxCHfS7Z/YEREon1GqXl2Lk9D85weRlSSLQawv0g=":{"valueMac":{"type":"Buffer","data":"UEW7ShIUXq80WqXCIAQ+tObpoiADgBKJJ9gsirxOTxY="}},"WpYKiEF2rVAvsrbWAb9bdiG7hPXdwN6KztPGbZzUkl4=":{"valueMac":{"type":"Buffer","data":"cxiszMnyu3UeEyNn+ype9f3e8CmP8h+YR6/UYfOU3sk="}},"W3EJx76PlNMZ8lmpr01POq697fJaTH6z+fxBc89NLT0=":{"valueMac":{"type":"Buffer","data":"tbTwF68a5MN2KelypPKpYmDxPSrcazIKOCfKD2PUBhU="}},"W9KGvbTn/+n6931CTLBNxptI1ScG1UO0uVpb8neEATk=":{"valueMac":{"type":"Buffer","data":"8g0JPPagl7fyCkZ78dH562WE2UOPIscJTisVL+vPtUA="}},"W+E6tQpsLkCeSQr4OAKqkKgrMNrotXIrz+LeazUK0yc=":{"valueMac":{"type":"Buffer","data":"YxIIYS+HXkx5Jb88CvS86co9AcYlGqgPcGWdx2C89LI="}},"W+4vCEHwRBv9NaVDZpaP9byyisDzOUbCwHwyY5EccFo=":{"valueMac":{"type":"Buffer","data":"YPNAeYNoM0FghLzt9i3nwPc73Rc+Mc2AJ4m4DdacmtI="}},"XALbjjSnd+YQXGnRFVPjfsh16tXM0fWTIbPhiYCH7xE=":{"valueMac":{"type":"Buffer","data":"9ck9Q/aKyLi8KNcssTAMNQIlFlHuZ5U6uC45qYsjwVI="}},"XFsHo3HuBzAEa/pMXQzEvW79O1GC7T6LntMM3GM2S20=":{"valueMac":{"type":"Buffer","data":"oipPZMb4Vpl1EXYdmt9NTGouH9fUbGcBo6OYI9rA1ak="}},"Xiu6XTrO6WTp+Sis5V+Ll22D2miZnGKmCDxtgqfPFKg=":{"valueMac":{"type":"Buffer","data":"/Je7S01jR/ROtoE3Z0KvZBoU4KxJhDFBWAFNe3iuLsU="}},"XrcKT+N1UqTAys9g1geEPqAso1FJc1xox8onyhhtiQ8=":{"valueMac":{"type":"Buffer","data":"0qvF+3v0qc0ve/x+F1dG1iFRH3g0P8Dp7fgA4WqSV2Q="}},"XsHhs6YckANawqU5InYufbmsvKya4l69wlfezo7QPH0=":{"valueMac":{"type":"Buffer","data":"lMybhtH0rU/yOmk9nL5uZez/wrXOuFAb/3ObgMx33Gw="}},"X7s4sQDTN4cbD2dil80AR6w7DY8LoMjzpBumpm+1idM=":{"valueMac":{"type":"Buffer","data":"vsh8c5Y7PalKLqloZtab4rR+G4lYwAYAkequMhJcPHE="}},"YA7afs1moylVua2LB0oxMQkbtK3LQNKMSs3N62j5qbw=":{"valueMac":{"type":"Buffer","data":"U9/HzAkNZOtAa5RIl4IqWLVTnv8q8krGqXP5iRt+8cg="}},"YU3uZ5EUi6U4a6K7+AGhKPsNeRL1FI601Spx24XiZlA=":{"valueMac":{"type":"Buffer","data":"xW8lCeyirV9CCDDAht0l7aTxjwIF/VvbiFvgHzgfYHQ="}},"Yb3IX8Rpvme/BBaDPXHs5omxAO6OtRXW34mvclWsVeo=":{"valueMac":{"type":"Buffer","data":"EcxjT9oPfqj6myzMru1LgnuEL1t0RMBf++NJMiUBq/8="}},"YqG0IiW5a2c7N0RkgjWBy93+rMNgUBHbNlocoNrhUKE=":{"valueMac":{"type":"Buffer","data":"phVQVlTwbmcrXosRrFEmUmw5gay/6c69c21ELX9B9u4="}},"Y28HalMKc0aw6onlxH8dLklDwZYzYnrj97maAoOn984=":{"valueMac":{"type":"Buffer","data":"GubYhrorNKAoHjefZRtZkXnbMKanvhISwe1MvkskUNo="}},"ZIj6hVuSAO1s3V3F/0jsigEaoDKjK4CkY9byHtxI0f8=":{"valueMac":{"type":"Buffer","data":"gsn5QpsrnDnB1BLDHWq3trYHVJsTYl/+dQ/t98TDxfQ="}},"aAQKeESGKOcvIMg6GKwrtpaucplhf/NzlLytKaxxSVk=":{"valueMac":{"type":"Buffer","data":"/7AIvwpdgKFDwK2QVnV/TmM58YQYDAQ8vF5/qef0vRs="}},"asf9AgPiwpqK+wN/1rFaX3ezC76UFQFYMIebpBZkkUg=":{"valueMac":{"type":"Buffer","data":"vRpNHT+UFpU39cASXJGREXjQomuJVGO/tJG7IM/JOLs="}},"a37tEkz7e0G2/HMAFvWtOUclW75KL/FBEGBq39L13R4=":{"valueMac":{"type":"Buffer","data":"5rmoxSp3HjAwCAjWx2+W0wEKAEsKBG3y2KsjIVkyPF0="}},"bh/ud38HP2UVfu89xF9D68uYnRucBykTwKSMM2F5Mmw=":{"valueMac":{"type":"Buffer","data":"cImpaQnlB1nXNTxUG8Q035Hj2CNu2gt2oGn6f+V4d7s="}},"cDYDC5kZcGUl2s+7dnAQ3aOUr2hVR4NoXiN1i16llt8=":{"valueMac":{"type":"Buffer","data":"XyeN5iB1tk0XkLey+i0xO98Ji1X0XE4UqXgSIGj8xi8="}},"cNV6HjSR2bZ64gGqJCuCtNmGQlO3RWY35OLhoI5s7eQ=":{"valueMac":{"type":"Buffer","data":"Mxvks7SVrlpL5fsY3LO9B8m2pC2sxHUdrbL22smqZSE="}},"c4003mJUWl45/yi4QWHNhkcrzTQ59dLCBBbyYsmbxcw=":{"valueMac":{"type":"Buffer","data":"EQxlp98pY2kxDE4+sE52wb3hJCd2uSQ7mJVipV/NxA0="}},"djsxlg5jZ1yc1x207XGyGdO5XUEir5XRK8WnVYOb11c=":{"valueMac":{"type":"Buffer","data":"vg+Gs4bDw2S5Lrp4l/HkdffohERupX2YdexViW8gR1E="}},"d66o3rrGOO0dxH1xq7luqPSKcy+U7cbYWbKjzF3zGrc=":{"valueMac":{"type":"Buffer","data":"hiRATqw8uVGqTfj2no86SjaV2+a63BLJcfF933F9hZM="}},"d/zinYHRV1Iddsxi1I5pxC0wWoxi6DfHmnR3eehwoRY=":{"valueMac":{"type":"Buffer","data":"5xjKibJ9B2p52sVn1m7pap0/7M07zJdMCv6dfJ+jV6s="}},"eejArlNRdy1xQVT/dJVmVdtIJrqU7mlnMWlrUOQdKNI=":{"valueMac":{"type":"Buffer","data":"7gofi2CfeQN1dTbulcXq6XEs6l3JVwCFrijl7DKfd9U="}},"f00akvmOyleyP5I7hsLDQXdamDUcBdylV/Znz8spT18=":{"valueMac":{"type":"Buffer","data":"eTyWfEYPsriduCXjrfOtLiD3M+vddQUsXRPL9WtPuEU="}},"f8kCKSM7df304SxtyQtDLMu7SlkgBp35UjfmGlANx+k=":{"valueMac":{"type":"Buffer","data":"LTv9jFs7ykK8l8V5Bz5lVFiJXsKCOgeae4z/1mBVHac="}},"gLqkPiqDkWKVne2Q4mMZ4yq+JZa3HijTbTZL0s8b3Q0=":{"valueMac":{"type":"Buffer","data":"bh5HOyUY0VtYcA1Fou+ShPB2CJhl2fVe1abLwrpNRLs="}},"hAg4+ltVnvhwR2iZjS4B4k5QQkmxNAfFNGwJR+0zrbc=":{"valueMac":{"type":"Buffer","data":"ij2tK/7EMRHqTOFKSKmFty/B9PIu8jZiNgxaFvl3fwA="}},"hx2YjVpCNB61NAlrb909v4mLitD6ZZ7u6oCkR7KOoEg=":{"valueMac":{"type":"Buffer","data":"N91S4xDV+uj5ssIZPZbYzvIyKITRVezaLNdG+FulGq0="}},"h60f3VV0N8xg+uObCE3j3qTnmAQMk3N4zpHNSGTN8sA=":{"valueMac":{"type":"Buffer","data":"J4LoONFNlzETr/dXBr96wpWL6QwqREGFonuk/DyBya8="}},"iJSAFXTjDwrhT09Q/snDsTj2kBWkx7CsiKZejEjKZeg=":{"valueMac":{"type":"Buffer","data":"9HW9SeWPGyTr9fnN0h3lYYUHHaZkJa6ChhtNKr2H7hA="}},"iSEcE51p0aqbhkTbAxKJ5W4XbbDtCBw1Y6VBPGIlqMA=":{"valueMac":{"type":"Buffer","data":"74vX7PrKlu/ixdoh7AwYtlNDk+9u1EEKqg4AVFEoLAk="}},"iuSbd1PLBeHq5s8G1sUSg51uKuuBWOh0TPiFp0ZzO08=":{"valueMac":{"type":"Buffer","data":"/yGuHWHqaUu04B7yTJ+ZCAdNd4EksMWC+lJmVINhUyo="}},"jAy0IpagbzgysTlOshXgvS54D/AZjI8megoAGQPkdX4=":{"valueMac":{"type":"Buffer","data":"HdTD/svuYOFehODVGQyzeSOwke2oqDnySbWafxmug10="}},"jTBisINLVw39DbCyBY5cgLLphFIWUGVJzdPN7N56uIU=":{"valueMac":{"type":"Buffer","data":"LqndCTQTq0IzGL9+9BaAJ9T2SoKQYqcCoTVRvnGgEAE="}},"jfFJAK3ktQbCU+AkOXgUFuEHhrmHqZxw+kIKxcTyJd8=":{"valueMac":{"type":"Buffer","data":"k+4bwx9sQPLNKdhb95QzudU3B3oQUnM5th2Np0jGH0M="}},"jkHdZhnM0MbQW8xv4DQqMXs/lcXn186e5WquWbXSkNY=":{"valueMac":{"type":"Buffer","data":"zdW8PfbYrbK+uQldqo0wz05cfWs0dKytm+AH6DLx3Vs="}},"kNbct1xjlvqnDoiMXzJHhqn2dqrwSS4haXakPp7yXOM=":{"valueMac":{"type":"Buffer","data":"C6DlQiL5zgegy+Toa4LlSHlU8EUonPv87EPf27KyMo4="}},"kSgYlbhfymcj6VWntfr4VRU40qDNq33l4dIyCxZdDWk=":{"valueMac":{"type":"Buffer","data":"qAfgoVEX8D4AYjCdxbfrksfvQYn7JAVgVCEUKUdzfdk="}},"lZkELveh5n4/LQyCVk9ZkEdSjBPSbWdcg8FCGubvGgg=":{"valueMac":{"type":"Buffer","data":"TvfxtlS63e5x/T3tqnePf07tF5EIEA8RbuEdJdzcYFg="}},"leW/Yfm8HVdx9tJqr/6Yk7eyv/oAmeXka9PyhAiHE14=":{"valueMac":{"type":"Buffer","data":"JESyPRXnH/DoU321LaDleSbxA26BhkyO2TNtB1RKmJ8="}},"l0FRfk0fpSXgUJ5+b7d7pvMSG/17A144pXcJ5MEZqnA=":{"valueMac":{"type":"Buffer","data":"20Fu2PV0DTAnaYbPKeKb1JOK79sdYnatf0+tC9JTWyU="}},"l1dfyTZKn2wPQnpgtogAwLUv2O8tFYJfv+7aSjt4jH4=":{"valueMac":{"type":"Buffer","data":"CqfL++uYLTvLRUEsLcnHjN0y4G8wgPREN3nWjUcKAgU="}},"mPFldi69jAJCabDxC6g9Qej8wmx5RpLMZdKJsWsu3v4=":{"valueMac":{"type":"Buffer","data":"dOHaBnux/FZg5OjVZghG2PEOsb2QDaz/NFflkujSYfc="}},"mpYeBXfOxwVW9RqUGOQgvjT/GHQLsmqHJkURiagJSU8=":{"valueMac":{"type":"Buffer","data":"NKXKL7X1+NQbNgzmppfv5xH23zG3NRcdHIWT8ruL2ok="}},"nIqL1pZEWo7zrdwyM6QfSK1xlwzDhkwwI7ICm1pDl4Y=":{"valueMac":{"type":"Buffer","data":"mc8VIha5Y0SwGUOze6G7grrVvQFBAWHVnN+xvMafT9U="}},"nJznnToIW9uuyexP5qsoWtftuW/2Zt9SUVfO+0np+cE=":{"valueMac":{"type":"Buffer","data":"eDJt7s2MYKFdwkvCKZb0WoFuiV8Bk3BFpMhAzTmU6lY="}},"nMJvGb9HKZEbwb7kuECx8y0HSG9hSG5582d9Wr/LgPg=":{"valueMac":{"type":"Buffer","data":"GmNEDq0lxqh/fTCFuvtZamxQFoEXaG43g+YKcehWObg="}},"naywDYhJVJQBDqIBxNImzNwsiiEdokogFx3JZq+/qZg=":{"valueMac":{"type":"Buffer","data":"/Ds6UpQLxTeZSOOEIdi4bS74qV1G/TurkxLXVVL8xzY="}},"n77yPOU8rq1A7GkSLFn+cC05avpVbfn5dboU8iC1AbM=":{"valueMac":{"type":"Buffer","data":"u2YaDL0OaQp0Z67moV/NF1htoowuy3TYQEJ1n3DpoII="}},"oI5gsORNssb4SiVWbLrF/qjgRAP/m5WiBF9YRtOmV2k=":{"valueMac":{"type":"Buffer","data":"pX22ww5UVHOoHRrPjs0t1Xwh8nRmgioYVsX7fxDmw7U="}},"oS7L4g96b68zxIRb35z7k/ppYoa2fjdWBafva6GdzMw=":{"valueMac":{"type":"Buffer","data":"mV2XzLLOuTvMBr0psL1GEPkoQDI8CcB8fSqOPb6iIwQ="}},"oe3F2bkg7b2D7waQa3TH9qAOfLq0qPcxXR3gdr4+PL8=":{"valueMac":{"type":"Buffer","data":"8KsyeZamjAOOzQUxIBMztUJTyQD+f/1sRAgTi2q8BhE="}},"ok/pumQ/ymB3C/639zoRtxx7W6xjuIY6Bi7vzaId2bU=":{"valueMac":{"type":"Buffer","data":"+D59jueXCQgCvKGGr4xaPD3CfxTJAqY3eZItrZkjXqk="}},"oo135EfBxmwjWFRQC/11ipJgL9TeWCaLS/Qm0aDmlNI=":{"valueMac":{"type":"Buffer","data":"ZHxXB8nv0pMUdEC90TmJQQwbsqMBS4cELm+Ql+48Q0I="}},"ou+RYiHMQd7tcZd4eKt8X8wztM49bRlcGuqwuflCDGI=":{"valueMac":{"type":"Buffer","data":"PWdK5kbaTZuZmrjDoociVkNNH7INNoe4fOxXAsZqPoQ="}},"pLpYIaT7QiAkVLzYHcj85FhU34VWuVSqQPN2ykCGX8U=":{"valueMac":{"type":"Buffer","data":"AkAqEmmaS+UlicTTroWHAzb5/wMhFLJHxsRdO3ECxC8="}},"pMk6hnIiNkLt9VnKfXOI9DeeaW6RphUoIpqs9VcRiY4=":{"valueMac":{"type":"Buffer","data":"p83nFabW6Y6vbSP+p6qx1KTAY1w+TAMNBN6fToDKXHw="}},"pM/rDXczUJ4dmOTreI7sp7Jr7noYyaAagGMZxJ5gjFc=":{"valueMac":{"type":"Buffer","data":"CGQeMtNyzXHKwpeplx13aAu/MfsKpZMcE+ghVR5VNM8="}},"pkqcC5yd2F1DbEsgxcT//BrRda0rtoGhp1LPGfU9UYA=":{"valueMac":{"type":"Buffer","data":"jSEpJu2ttEs3ahBYuzB7Rg3HRF/x8zxFzoUxZHxOKU4="}},"qa7TLsQg9EdrWAETMbc7AvBt7PbWB9Ph4ircR2FPGu4=":{"valueMac":{"type":"Buffer","data":"q+2K2Ss6oEOBMvfKkopQt7TXVXvEPzp1nlzIUT+qroI="}},"ql2NIn2rX1O2EqWyZYBSWPr4rRPi6sF38sQFfWKUDI0=":{"valueMac":{"type":"Buffer","data":"ikN7tb6ms1/uLlwBCYKUTTS4NOKmBZWEZytnfRRfDnc="}},"q7a/b5Aau7K+PGs0gWUXdr7RXw/bZc63UJR3V6OM6e4=":{"valueMac":{"type":"Buffer","data":"O68eT7vMs0C0iduIUPJYuruv82RCGcJDBOX8y6u58Q0="}},"rlGbkaSNKCYy5mkoix7IB+S/UENT0KoSE5kOJn+UzV4=":{"valueMac":{"type":"Buffer","data":"+N0ve54wrJ0lKl5SK7j27EhYtFabbr1hYeSIb9nYv8g="}},"r7yCiY+vg7x9y+ii13/hrve6IPnT/Y+27wJjgkK/vwY=":{"valueMac":{"type":"Buffer","data":"KM0kcs9ldCvgaGy/XvCu5whOyJfDvDOvYlvACg3Ym8s="}},"r93BlJzaCYR+qajcWcIntxFglluwqgk8PKfH/+Zk36A=":{"valueMac":{"type":"Buffer","data":"wevSzbldRKthKIGYH60aB8D7SPtn95m9g5/5IlwNsoo="}},"sBaGr25XaybpB7InCmqBbe6wST62H+M5Ixx10MZOCU4=":{"valueMac":{"type":"Buffer","data":"uYUZ0ZZsVBPy4XgvyQpLLrJy/2B73+2NEwYl07c3WbI="}},"szpqKz9rxdQquZeo6yIbpQmC68plAUGfYPHAP6fZAFU=":{"valueMac":{"type":"Buffer","data":"R+urSHeJgXD6cWhPSix7BgGmPZ94oyXxmXVgi+4gVJQ="}},"s7eMokGvWvhK4Y5xPIe6BhnkaC53u+UP9mPSd/rW9VM=":{"valueMac":{"type":"Buffer","data":"xkxCvyyGZt4vTKckCXZdnGpxfaJl4NORm6DO0+KhyB8="}},"tixKDwvtqaLV3UzZDnet3T7UI+BxroNuL7q9QvfnFsw=":{"valueMac":{"type":"Buffer","data":"yzn7a0N8t9fxlk9vJml4GxTqR1FXBITirk4cxpS1I4Y="}},"uC/nspoT8odmOhmWBxIX77yZ/CbSWaEr/b7gMgS75ps=":{"valueMac":{"type":"Buffer","data":"JP74kuoPqJJDWX4yOpaBvntv/6GZG//uWHryxFfjwOc="}},"vB2VPdC0OKIE6MdGZS1yZ5EGHsZgnaZOfzZYpCZC3x4=":{"valueMac":{"type":"Buffer","data":"BNxCGHXZhIE10oQONAKnTziccnzszBcVzBRLSW73VkA="}},"v0taGxNgwqf0PxFoLd7n50uRKWpptNIfi6xbpSVRdbY=":{"valueMac":{"type":"Buffer","data":"Flo9ypBBAppiagcuSRFQy1ffdaqbU/PDwm3/SeUSPsA="}},"wKMyHvuCsZyGBfzPjn2aWxIgMAxU6nzF3ChWLrYl/cE=":{"valueMac":{"type":"Buffer","data":"wqnl2oQOScwcAR0jPrP2eYavWBLiDUk2Mb76iK+Y0HM="}},"wthMFkA80iX7/rzA3E1Jc2ioaQtW1fvj1WU/H9cgpcc=":{"valueMac":{"type":"Buffer","data":"4fpx/ThgluECtjCQ3PURLGUsT7+uhxJKkTBt3tp4UY4="}},"w0sAKUs23byhRrJjvk+cHMI9LavQDV25FIqT7G2lWYQ=":{"valueMac":{"type":"Buffer","data":"wfuVQnSPssOg6Di//79INl0XcmKXyneuowSFOULwfdU="}},"xITBb4dr0GFS5k6ayg1NfbE8apdzK/zKfSMVf2fQq08=":{"valueMac":{"type":"Buffer","data":"BIUzuUqfSb9slq9lBM/PNDmFYUIX++zMSCd/aF/SyM0="}},"xlbPbvxrf3W6LoChSjAvppWaqLx4vq/NdrVgdoLQKBs=":{"valueMac":{"type":"Buffer","data":"6kFuWO3C5E1sXzx2teeHvI9TZzHos6VjkrUwv6F63Wg="}},"xvME/cL2SIpWwEtA5U8+0Biw4cv6FGSaDQlG8TKplKg=":{"valueMac":{"type":"Buffer","data":"flT4Ned7wkv8cTwqIh+86Z76ahGbqWGo/sMHwU8KAms="}},"x10bZihQRICHgyT6JuRf3glce0Z18SWmmtPA95ZCeUU=":{"valueMac":{"type":"Buffer","data":"gswp1sV/3xNO8gPjOBIichoXJcoHcA9j32flv5GVxWQ="}},"yGG+fqXhyeWuO5qRxoupVFQBuCJM4S3IPv9MC9onhTg=":{"valueMac":{"type":"Buffer","data":"isVD9Mo5zf2GW45PQeLHvzUTQ+DAfA5OQipGaE9Zyxk="}},"yHcWYitGZt0dXDTBjPhNm9wWyh79G9nVIC8Ixnrmdq8=":{"valueMac":{"type":"Buffer","data":"bfYHGDOlx0XZuR50s+3OVBPXPzU7ZmGNbxRcO+5b1wg="}},"ysI1Dz4PzMlE+VSZR6LasvM+oKOHW0RHUcsH1huX/9M=":{"valueMac":{"type":"Buffer","data":"P8NAcgmo0wzsfDGWJfrCMJk5YSeJeqd01sVxg3q8KTE="}},"ysLrmSnKB9nbqi3Lx7Gne17448WAB1JuUuJrho439g4=":{"valueMac":{"type":"Buffer","data":"4cNwjDkWiGOXKgU7P2w4Zr5uaHAUaHXnbAY82viO9QA="}},"yzeSz1n2UJ8F34Bv35MWMOb2MOa0tRTei2Pz/jmorZE=":{"valueMac":{"type":"Buffer","data":"e2uEl5+oHOsCo/rJDxdYBstSwEljiWDvHfFHwNWFpPo="}},"y4M4kvbnrDiVobl+RZ/2+qiKmn2UKLMEL+Svb0jJ304=":{"valueMac":{"type":"Buffer","data":"aFciwsbvxNDNanR+D6FTvgZ+NH6okf8JudOjoX/6JFQ="}},"zagw0j8iQbHBP6Adg0/0lKsR33vr4oBsu+v2pNfK9b8=":{"valueMac":{"type":"Buffer","data":"pySTBnTK7lqrhJEW8xcSH9SJtGeRRhxZBltI04d0k7M="}},"z3XSEBZGTqMMJEa5YwOWOzzApsKCyhscTZ2t4cR2np8=":{"valueMac":{"type":"Buffer","data":"r0YY4QmeDSznpgXnKA9qiXB7j8YbflL/sUDDUHVkT6Q="}},"0htnGSRmhes8aD/r4dTx8FJ01AvBiDZq+dtmS4QZzLQ=":{"valueMac":{"type":"Buffer","data":"3i3fRfD6nDU6mkoGDoWbYrZornA165G8NCpNzmLtzjM="}},"1ctgzEs0kYxquN1pGW57IpPm6I4foGmf978ZwhzX/wA=":{"valueMac":{"type":"Buffer","data":"WobhYjzrVaOpezCfrL1dC48l29Owudw6NGggpN9w7aU="}},"2YuJh4wqcsnOUxZMr9F62TMG1DqX0o1zi0hZJKW9z+8=":{"valueMac":{"type":"Buffer","data":"fDsL0PfWFYuZjgdDnFmOwnMDjuULgtQiGkyywJP/vU8="}},"2hPqzIoEUAbNnnlMZOT3xJQ3ISHTBrInFH89YAlTQWs=":{"valueMac":{"type":"Buffer","data":"Sgo2WHr/0hA3mWc+55pYfcOOs1uoacCIPUwFQ34PNuo="}},"3fg1onUY3C+ghVHZfzTivdBThjQYQevmpgue5kG7vBY=":{"valueMac":{"type":"Buffer","data":"Az7RHXizyUmltIkRsrDeI2TnP3v6/7Uh7biXy0snpXk="}},"4TEi5/FVQSVl4QzcmAojpJli3Wrfd47BtZTkbzmU1kE=":{"valueMac":{"type":"Buffer","data":"2jNeEQuAiOKa09JHBONJR55y8T2gnBemNsVEDwabDE4="}},"4hH7X/Te9RnYwUHc1KwEsdZYz4KKJlja9Fg0N+C2Q9A=":{"valueMac":{"type":"Buffer","data":"Xut78UUd7DfOz/qq3ux1y3jujE2JhjIbIQKU7Qx3HCM="}},"5OBb9N5/54lxUoHwis/Z0/RrTZEJ1YrIoQ4221/wmd8=":{"valueMac":{"type":"Buffer","data":"Q4F0nM1So3eNGVxkN0KCVh6AC7KoYqQVo4z6VZnMkeU="}},"5SSo2zBAb91KVu41OIIHuTj/V7HGzyGU0aXrR4DEwRc=":{"valueMac":{"type":"Buffer","data":"CLcsmyLlh6YACrxEz1XblYblVJuOxh418YeCbTf0kvY="}},"5T7HgLW7G1+0quFwiGAONYnxUtyigTwtvtjEuVeD5OE=":{"valueMac":{"type":"Buffer","data":"S80tAJAYTvSuXJbxXccrA834wvhWzI7kTdp2aQ62vQE="}},"5o7DC+3V7iIV8yVCxkLdUjy3HJuUYkQcALVEIcoEW3g=":{"valueMac":{"type":"Buffer","data":"uOEIknDnMKhh7gVMjXOK62jYW+7VNWXfdkH14h+2z1g="}},"5tEMkgOadiZUJuBB011rEEuWN8ZQhHhCE8jEdyBXtPI=":{"valueMac":{"type":"Buffer","data":"Cifa0uIh+JXWR7CixXIu0TLdsCnGV5nov2eNDkqw1Ec="}},"5wIXB7/BqAR5507eQpGyw0xLn0TFDSmlCtq9dIG5s/E=":{"valueMac":{"type":"Buffer","data":"tzn62bN3sbyLKSpzWwmPUbQBk1i61JcCRAN9OI06h2A="}},"51jQjnx8dMzOuryFmjHt14xUWW1teKUyUWU/6ldfoTc=":{"valueMac":{"type":"Buffer","data":"G4dGOkXqHSSqXDnCrj5WhMbwrjkJfbL50Ni7/vTGk+0="}},"6KLKTwNefYWj4zDw9w5iQtvH6geZYuSKBkBbikW04iE=":{"valueMac":{"type":"Buffer","data":"6+XtQRreO704oI7mw4cEuRlzlZdPX0hubwWftWg+OBI="}},"6xpyfrBTeKQxxvXL4eGvKmF/Z9pjJitFMLML4q1YXgI=":{"valueMac":{"type":"Buffer","data":"Z2pNUNbrTSMU/rPUQ6m7t4QO6PSmumsjkJ8jYMyDGaE="}},"60r1nPjAFEnt5ByIZ7CF+WR4kmWrz8JzVUkU39OLQAU=":{"valueMac":{"type":"Buffer","data":"68r7tN9R8Wq/cVBEP8f52PB6EiZK6HexEsca+ZOoLj0="}},"7J38Y1K+lrhN+AQc9vKAUdN7nVt9+N9tHzI1LoJsSBg=":{"valueMac":{"type":"Buffer","data":"AVgtDPxeHT5OHk2qARz4bG3FXmSjN50j0bb9fR8JaMU="}},"7jgT1NudQQJskk1RiJV8leLW0mqOG54flP2Te3Jx2Kc=":{"valueMac":{"type":"Buffer","data":"QzWQKGfAlw+GrqApDAONG8fw/1Y5TEGSa9GxpWYKTFk="}},"742ku3dIY+q8N3zdsDMqAIqfE2f8zFNgs6T9AvJVsHM=":{"valueMac":{"type":"Buffer","data":"Tnusot8/CYWPUsTxgc+eYRHx3gJXKycxUsapA6/Ad6M="}},"8T5Ssqe7LaRAIy/ddh3eJlrTMEYTVKF22qMdowhi3v4=":{"valueMac":{"type":"Buffer","data":"ByFzROXfvNH2eessmQP9U17VOS88eCS1jdVQE22WbpQ="}},"8UJRwbINoDc5vz0Asunk59wdaNQy/TvIX6F0okYqySU=":{"valueMac":{"type":"Buffer","data":"bvZ+3HsjzMMoLxlkBM4rnReImm/zDlqU+rX0UJA5nFY="}},"8fLC19x/KuBv1tIa5Ia5hJDc8K2cvcoihw1To/JVltA=":{"valueMac":{"type":"Buffer","data":"7ZlHtxuKo82sU21uKgn4pMHqUVOIQPFtDZIJ1J+YBEs="}},"8yUPmMuIWLPh0XyQ91NuDqCNOcTj8XXEZlJKjssvbfA=":{"valueMac":{"type":"Buffer","data":"Uq6BD4Pkuu0yNUc3S/TRjmgnWybAYUdkca26rVWmFAk="}},"8632S/DXlar1gf8Sr43uixQWWb5oSypJv3HjmtI/lHM=":{"valueMac":{"type":"Buffer","data":"iV2qqkqBoweGXpOhdxtS6cZuYksYRdGJ/ZCUNqPwZKs="}},"9+zSQJm1UQXiHDTofbM1+N3BWLhUlYWDaqWLqPRZZ+Y=":{"valueMac":{"type":"Buffer","data":"ARpM9MSRPQ2f++Tkmb8qW0yoltofl+9q94hvbQqeXF4="}},"+BeGas5FvNGU+lwKg5ONVdfpJ7v8D+fK7oKtU33YzkM=":{"valueMac":{"type":"Buffer","data":"fEbuzJm4Qp6IKChcuTiJ1GX8Pm6/a/h2yerkyPhOqEk="}},"+OjFF3Y5Yqrr5x4hHiNOqpPf4h8fVu+icOycnaYT7LY=":{"valueMac":{"type":"Buffer","data":"Xg4VdFsaRgEflUp1eAYni79/SWQGuCMzCMeWKkrx4Nc="}},"+vhlAef4PVw2uJ+qm1J6GaB0U2g5rOihD5HB4egcEuA=":{"valueMac":{"type":"Buffer","data":"IBYPFMjH2IRIgwMW+cbKKHeP4XFshqIl3GO1BBX6k/0="}},"/Cz/n4XvG3/B2yTyRQnrGNLUDObRu8+Osd6MWCLUDjI=":{"valueMac":{"type":"Buffer","data":"Fp5XXe7mOAHjJCnbdflWEasDXjcvZTNU9kuAS+H04RQ="}},"/EIQ/8a/wi33HonQC+leeza3LWvYGviTReohupuEKgc=":{"valueMac":{"type":"Buffer","data":"GFcryoe4xQLPoVfVsd4PbnfEnDWymElMBPA/D+U7cDM="}},"/IzuLCaU39tT6QDYdfUbWUAFCkOs76X5XGPIN+E+DNg=":{"valueMac":{"type":"Buffer","data":"GTC8Dgfcw05qvK1N4VSL+1CxnqSFlB/TD/zVDa/wvXk="}},"/bG7U3n+AR/JoDUk++JWWmxAV2WrzyPvBSiqENFTaU4=":{"valueMac":{"type":"Buffer","data":"0ffGLWkrmWOMGokeeuNwdQ3oEp/vOO8/8eGSIkrbC1M="}},"b559YxUKlFpbor5RK8NvRjIwDqP9XxHIF4forAZHJjY=":{"valueMac":{"type":"Buffer","data":"XZtEGlpzDuO9sWXv72al8QlfVAb22cXreD0sA7WJlkY="}},"opWmkKTp+TaJ41dbSIWT0V8Vr4uTRFa04CC5RgfWmRY=":{"valueMac":{"type":"Buffer","data":"Rll495gIt5cHij44P7dDw9BtrwFNz0cpVAYF4U1k4vk="}}}}