{"noiseKey":{"private":{"type":"Buffer","data":"gPk0VoOCt8qqJ210XqYviTLY7XBHtbCcjfoz/2oLEGU="},"public":{"type":"Buffer","data":"FeeWRqL6OeG6rZ9a2TSDquv1/Z10Cz4aqj7QIAoQ1yg="}},"pairingEphemeralKeyPair":{"private":{"type":"Buffer","data":"QO63UL2NRWcFPpuzwA0DfC3ZVj1S7NH5/SoHfi8XZl8="},"public":{"type":"Buffer","data":"Ba689OWQZgAqD9hD6Zx6gEG7TOOvHWgQ4mgiq0SXbXI="}},"signedIdentityKey":{"private":{"type":"Buffer","data":"iKinvOVocXsxcn45xpiq+LUK9Q1M9wDWEqHMkXaspks="},"public":{"type":"Buffer","data":"tx7rRhKtmKyQWbMNXU9dwnT08mw0B0CLTZqK4OXQlk0="}},"signedPreKey":{"keyPair":{"private":{"type":"Buffer","data":"OPUgNsNO+PSY1TWhPaRiYDIZw3x/SyESnarDoTVC3F8="},"public":{"type":"Buffer","data":"A1tfM1lVye0dtR9VkRpNmXg2uvDSk5BlPYgzNJpYH38="}},"signature":{"type":"Buffer","data":"b3+qzR6cOzFQICULd573/lmYLtYfsa75oUbIxuLV6Lri5Qe4gt4p3Q4QYrC9sVT3czefr+u6n72hveTdh0XlDQ=="},"keyId":1},"registrationId":56,"advSecretKey":"aFIVsWnJkOK0i8mHjnowHYwpbBP7GPj3KIn4h9A8gP4=","processedHistoryMessages":[{"key":{"remoteJid":"628816714458@s.whatsapp.net","fromMe":true,"id":"0F335221D5C77A6098D36BC5442C8619"},"messageTimestamp":1755586709},{"key":{"remoteJid":"628816714458@s.whatsapp.net","fromMe":true,"id":"9148BDC2D57FB3E8C1A1575AA9773582"},"messageTimestamp":1755586710},{"key":{"remoteJid":"628816714458@s.whatsapp.net","fromMe":true,"id":"F364A4FB5F872374E66F9ED178AD7D26"},"messageTimestamp":1755586726},{"key":{"remoteJid":"628816714458@s.whatsapp.net","fromMe":true,"id":"473DCAD7A9B3C8625EF8A79506BCA10C"},"messageTimestamp":1755586733},{"key":{"remoteJid":"628816714458@s.whatsapp.net","fromMe":true,"id":"8DEB4B8755FCDBE7F86717A19AD19F7E"},"messageTimestamp":1755586738},{"key":{"remoteJid":"628816714458@s.whatsapp.net","fromMe":true,"id":"416E5CDB62023A71C2DBEBF9762552E3"},"messageTimestamp":1755586744},{"key":{"remoteJid":"628816714458@s.whatsapp.net","fromMe":true,"id":"8317F8C373A108CF38F2065E0183912A"},"messageTimestamp":1755586744}],"nextPreKeyId":65,"firstUnuploadedPreKeyId":65,"accountSyncCounter":1,"accountSettings":{"unarchiveChats":true},"registered":false,"account":{"details":"CKGw/PcDEIvBkMUGGAYgACgA","accountSignatureKey":"RzmvTSWsJVLrUeIFXi9akrSodf4adOSP1pBu9ntWpEs=","accountSignature":"AKb6A+8Lo3thrSk4Pm5Y0Y9Akp0srqobJ29vjmAbPoeRL+DfI2DoHUsAC7mjRYZkYV7QENv1SYC+vcv/AD2+Ag==","deviceSignature":"l13P7fIswcevqsk6yF1teJ/HPFDZEyA/TZYhuOeBw/6kU9meMZVKVkK69wI8OLZrcKXpkLCMKXf/EQSVprVKDQ=="},"me":{"id":"628816714458:84@s.whatsapp.net","lid":"265691022250050:84@lid","name":"Dewangga"},"signalIdentities":[{"identifier":{"name":"628816714458:84@s.whatsapp.net","deviceId":0},"identifierKey":{"type":"Buffer","data":"BUc5r00lrCVS61HiBV4vWpK0qHX+GnTkj9aQbvZ7VqRL"}}],"platform":"android","routingInfo":{"type":"Buffer","data":"CAIIDQ=="},"lastAccountSyncTimestamp":1755587149,"lastPropHash":"1K4hH4","myAppStateKeyId":"AAAAACOb"}