[{"senderKeyId":715398331,"senderChainKey":{"iteration":5,"seed":"uU59YUDHAzLhc+2H71sa0tde3dK7C38FoXzyg7dL710="},"senderSigningKey":{"public":"BZivm5c80avUkqsOl/BkTEjuWDj2WZMknSzdTDqeFaQ5"},"senderMessageKeys":[]},{"senderKeyId":715398331,"senderChainKey":{"iteration":3,"seed":"TdnFYaVbvZPdmcar1EoBENDf2re51VTt3RUWSSLO2TM="},"senderSigningKey":{"public":"BZivm5c80avUkqsOl/BkTEjuWDj2WZMknSzdTDqeFaQ5"},"senderMessageKeys":[]},{"senderKeyId":715398331,"senderChainKey":{"iteration":4,"seed":"S34j/cSQ7uFJAm4JxQ9fFKij4PwuQq+o1w4RVau1HTg="},"senderSigningKey":{"public":"BZivm5c80avUkqsOl/BkTEjuWDj2WZMknSzdTDqeFaQ5"}}]