[{"senderKeyId":600502467,"senderChainKey":{"iteration":6,"seed":"4bkISupe5ckpTp5UFL7Sz7UEochG8n/PLUcx97dJlB4="},"senderSigningKey":{"public":"BVEDjcJJHavDsiPLAC1UExCm0xYrJc5+kHjvpKrZGwFj"},"senderMessageKeys":[]},{"senderKeyId":600502467,"senderChainKey":{"iteration":1,"seed":"3pnldYXVRlL4RJUNzJrym64o0i6keDIZu4NbtHIY5IA="},"senderSigningKey":{"public":"BVEDjcJJHavDsiPLAC1UExCm0xYrJc5+kHjvpKrZGwFj"},"senderMessageKeys":[]},{"senderKeyId":600502467,"senderChainKey":{"iteration":3,"seed":"pcn+jXcwvP9XdPFhLucIZ0aLMzJqLlwHu2suTKFy/Ns="},"senderSigningKey":{"public":"BVEDjcJJHavDsiPLAC1UExCm0xYrJc5+kHjvpKrZGwFj"},"senderMessageKeys":[]}]