[{"senderKeyId":238125779,"senderChainKey":{"iteration":2,"seed":"vpSmdbG665UBk1bl3Chg+XNBTDZ45HBvMqsKEmXxQYA="},"senderSigningKey":{"public":"BdM+EkjpIaJDharqn3f8FfbQuIhNc3Q8LoXRg55hAH8J"},"senderMessageKeys":[]},{"senderKeyId":1042286993,"senderChainKey":{"iteration":3,"seed":"6gWUEGq0yJxnPdjqjJM0OHs/ad1A6vIs4quP+2CVnlA="},"senderSigningKey":{"public":"BUVLOx2JGFieKusyQBpaizNbIajLYsLURBMQKeexWUoo"},"senderMessageKeys":[]},{"senderKeyId":436275304,"senderChainKey":{"iteration":2,"seed":"bfCtRA9X0ovg1aMb671uPCVTrZ6WQC4OE0dfN7g34lU="},"senderSigningKey":{"public":"BehRY2wlmy8isuqWbUD5NhQuDBIdYlKTCvK8bLOemrAb"},"senderMessageKeys":[]},{"senderKeyId":417050796,"senderChainKey":{"iteration":1,"seed":"OYxlqiFFmT0X+VN+r85tmCgYFHk85LwxiQ5DsMEHQs0="},"senderSigningKey":{"public":"BdNfEdLJ5bBkLea+rRjuF0SRQ/H8hFmZXd6qxi8nyMga"},"senderMessageKeys":[]}]