[{"senderKeyId":1943987292,"senderChainKey":{"iteration":0,"seed":"oR24ZaPtPjnTk+CScc55PDKQui+FHGuQR8s9sXrgTkg="},"senderSigningKey":{"public":"BbJg2IyUZQICqZCmAeYR3O37FKyKnxTOtOPJAThE0ngR"},"senderMessageKeys":[]},{"senderKeyId":1943987292,"senderChainKey":{"iteration":0,"seed":"oR24ZaPtPjnTk+CScc55PDKQui+FHGuQR8s9sXrgTkg="},"senderSigningKey":{"public":"BbJg2IyUZQICqZCmAeYR3O37FKyKnxTOtOPJAThE0ngR"},"senderMessageKeys":[]},{"senderKeyId":1943987292,"senderChainKey":{"iteration":0,"seed":"oR24ZaPtPjnTk+CScc55PDKQui+FHGuQR8s9sXrgTkg="},"senderSigningKey":{"public":"BbJg2IyUZQICqZCmAeYR3O37FKyKnxTOtOPJAThE0ngR"}}]