[{"senderKeyId":164059248,"senderChainKey":{"iteration":7,"seed":"DBTEcood8Hw1JGqdanWeyWFwKBk32XDrOS6bfBAqe84="},"senderSigningKey":{"public":"BdPMgRF1I/lmKZG1J167H1VL8OoK9tGAVGd+iWdc+Don"},"senderMessageKeys":[]},{"senderKeyId":164059248,"senderChainKey":{"iteration":5,"seed":"3KoR+vfeAnGi5L4mNDWXW/Vz1yl/v8otM/PenxrN1HI="},"senderSigningKey":{"public":"BdPMgRF1I/lmKZG1J167H1VL8OoK9tGAVGd+iWdc+Don"},"senderMessageKeys":[]},{"senderKeyId":164059248,"senderChainKey":{"iteration":6,"seed":"U9p2Hr/QA48UR+ntfIXgdY58mwce+Lxm2SqDIfnuOkM="},"senderSigningKey":{"public":"BdPMgRF1I/lmKZG1J167H1VL8OoK9tGAVGd+iWdc+Don"},"senderMessageKeys":[]},{"senderKeyId":734217871,"senderChainKey":{"iteration":2,"seed":"uE1RoI2hXuoWfZqlbw7qT33o73OZ4qiFncMsgcdzVZM="},"senderSigningKey":{"public":"BcoKmoprGR3WULbddJgQqBqD5vOd3xTXoH4iNIW/+jkk"},"senderMessageKeys":[]}]