{"_sessions":{"BQN+XTWdd01934RXQ4pA/wto/+7MfcvHGbF487Ks1j4i":{"registrationId":1069901572,"currentRatchet":{"ephemeralKeyPair":{"pubKey":"Be6qwy7gH/7I2d2daNN79JH7t+z3kXhg/wbhq7APmPkT","privKey":"cEvpNEdvsCQBnWXzBD7RU025WMRdQrKgGVHHAUpO31U="},"lastRemoteEphemeralKey":"BVXnKqfiOJgG8jjmc1vs2jaNwJ5Z3rTvVg029KNuyxVv","previousCounter":4,"rootKey":"0S3zoV5v8msz4WjWC/fl5TaODBWmvQ0IaSFKrvA2cMA="},"indexInfo":{"baseKey":"BQN+XTWdd01934RXQ4pA/wto/+7MfcvHGbF487Ks1j4i","baseKeyType":2,"closed":-1,"used":1755592155623,"created":1755586704613,"remoteIdentityKey":"BUc5r00lrCVS61HiBV4vWpK0qHX+GnTkj9aQbvZ7VqRL"},"_chains":{"BYrPEWZuy5IGsUExy9lFFmGALn2gc79SdxtYuBIgqBMK":{"chainKey":{"counter":10},"chainType":2,"messageKeys":{}},"BVXnKqfiOJgG8jjmc1vs2jaNwJ5Z3rTvVg029KNuyxVv":{"chainKey":{"counter":0,"key":"Q4m8Uj+MmEB7kVxi6ICkuyf9zcy/obBUAP1BFaC1ips="},"chainType":2,"messageKeys":{}},"Be6qwy7gH/7I2d2daNN79JH7t+z3kXhg/wbhq7APmPkT":{"chainKey":{"counter":1,"key":"hi30tkkvGI3LtT76g8NKp1qIZIHnwLh5FB30GMWuOTE="},"chainType":1,"messageKeys":{}}}}},"version":"v1"}