{"_sessions":{"BadrOWWUtOOkEFUvrXOFHgvkJ7QarRsHAziM5bdMbjhc":{"registrationId":14698,"currentRatchet":{"ephemeralKeyPair":{"pubKey":"BXz6yqKZmd0sAcHL2cqQizWVuvFoEjy+RABFvvAfTRwX","privKey":"SDSmeNQYM0SK1y74HK1bMnUjmyvZqjG2NzodA3YT1mc="},"lastRemoteEphemeralKey":"BdFa452tdlCJORAYHXBeDciCL6nIO+7cviGIBAlJDwhB","previousCounter":0,"rootKey":"V2DtOVmdPM4JgdU5LCM9DTMk7QlKh3cSbdzF6YWnqyc="},"indexInfo":{"baseKey":"BadrOWWUtOOkEFUvrXOFHgvkJ7QarRsHAziM5bdMbjhc","baseKeyType":2,"closed":-1,"used":1755592150038,"created":1755592150038,"remoteIdentityKey":"BQ75uofxq0OAU7J9PWHLkYAVvdxpxa7gbJ8YO4WwwD8I"},"_chains":{"BdFa452tdlCJORAYHXBeDciCL6nIO+7cviGIBAlJDwhB":{"chainKey":{"counter":0,"key":"K/o8YOmYX6lK+pDE86xvHk0GzVrb7DPHgqXm0YWfeOQ="},"chainType":2,"messageKeys":{}},"BXz6yqKZmd0sAcHL2cqQizWVuvFoEjy+RABFvvAfTRwX":{"chainKey":{"counter":-1,"key":"3JqypvO8Pj1qLqAZfq5ifT8j5wW48nBcwhLBTsCEKqo="},"chainType":1,"messageKeys":{}}}}},"version":"v1"}