{"_sessions":{"BYNSkSOu25PgdtCdHIrzE5GAmOM6ZJY7gTBJ98VMOjJb":{"registrationId":2137379211,"currentRatchet":{"ephemeralKeyPair":{"pubKey":"BQwajuZEI+icZR5b9/kfm/2Y+dXVfS1Xw6ULBZsS6L5K","privKey":"kNjETBGICecW5y4JOEmZchenpWauJGoG8s/KQpImi3A="},"lastRemoteEphemeralKey":"BSM4Sgpdrmiyeepj6q7k/z2iEho5l6EJJvhB+9LQ0pJY","previousCounter":0,"rootKey":"Fb5V1Byk1kTGisA9sP4fKxvWImvNZtjj7ZJ+9wbZ8cE="},"indexInfo":{"baseKey":"BYNSkSOu25PgdtCdHIrzE5GAmOM6ZJY7gTBJ98VMOjJb","baseKeyType":2,"closed":-1,"used":1755592156330,"created":1755592156330,"remoteIdentityKey":"BdeoyVioza7LPOu3dlaTWXLhDQCPc5lsenUm6WL4ROhL"},"_chains":{"BSM4Sgpdrmiyeepj6q7k/z2iEho5l6EJJvhB+9LQ0pJY":{"chainKey":{"counter":3,"key":"NeHDUFzYEa5FcXHCocIKrw79ZhOx2RSyHYuXYVO2QW8="},"chainType":2,"messageKeys":{}},"BQwajuZEI+icZR5b9/kfm/2Y+dXVfS1Xw6ULBZsS6L5K":{"chainKey":{"counter":-1,"key":"o4U0nM3ROWRUGjlxQQAsbopH5/CdGArOnJouwCS6GOo="},"chainType":1,"messageKeys":{}}}}},"version":"v1"}