{"_sessions":{"BWHtcgNKglmwiGrKhRgyqvu4hgqz8Lw6ZHzJXZyoOXsw":{"registrationId":2017711270,"currentRatchet":{"ephemeralKeyPair":{"pubKey":"Bbv7juYBwdRerDA6IeYtj/baWA+waMqdofQCtdYifKdi","privKey":"+CeIiKStSqhXcAM7eNwzDflfrYcYoCMzSIAlje/8B0U="},"lastRemoteEphemeralKey":"BT/7Lozrzx5GHS+eygCgpCRBHRlUx1hTdtLv5qlLu+w2","previousCounter":0,"rootKey":"CizV2i/FKTLi8JYwLhrYgn+OgDGL+NyprCw0P/bHW2Y="},"indexInfo":{"baseKey":"BWHtcgNKglmwiGrKhRgyqvu4hgqz8Lw6ZHzJXZyoOXsw","baseKeyType":2,"closed":-1,"used":1755592152617,"created":1755592152617,"remoteIdentityKey":"Bce+cL5Z8F5G6XeYb25SYl/QUbQZ3E7xqNdONYfYbMZl"},"_chains":{"BT/7Lozrzx5GHS+eygCgpCRBHRlUx1hTdtLv5qlLu+w2":{"chainKey":{"counter":0,"key":"sZLJTeJJtKpJegML7NS6DgKvi+5dlH4kSe8/1lqCs/E="},"chainType":2,"messageKeys":{}},"Bbv7juYBwdRerDA6IeYtj/baWA+waMqdofQCtdYifKdi":{"chainKey":{"counter":-1,"key":"WHMKEAjUW6xRCUt0ldYlsGcIJR8fYhLhxJ+VDaGB5Ys="},"chainType":1,"messageKeys":{}}}}},"version":"v1"}