{"_sessions":{"BaS42i6okMEaJaxyj3itXPCiVUv3EEu9g0WRP+nJB8I5":{"registrationId":86,"currentRatchet":{"ephemeralKeyPair":{"pubKey":"BQw2tJOlxA9gQesro1TowjglWzzi1li+VelWf+dl24gR","privKey":"uE3+8Ingi+XXmfTXWIqrOvsC3UNThCRN8+RHKLBOPWs="},"lastRemoteEphemeralKey":"BSCWTdbJ8GvGTFFcp5mtBzixjgR4myKJ7P0Xj6xYqZtV","previousCounter":0,"rootKey":"ZyMnzitsWRRIUbo4ysaSGYibVlatg6HnXEq9MCL3wxA="},"indexInfo":{"baseKey":"BaS42i6okMEaJaxyj3itXPCiVUv3EEu9g0WRP+nJB8I5","baseKeyType":1,"closed":-1,"used":1755586948049,"created":1755586948049,"remoteIdentityKey":"BRnfwIYOKUkHIoPvEnDslOSlqjob+uwXI0wZEeHOOlkJ"},"_chains":{"BQw2tJOlxA9gQesro1TowjglWzzi1li+VelWf+dl24gR":{"chainKey":{"counter":3,"key":"51kHC+pDBLpDUdatL0mBr2dv0DmU+1VWQEf08uUJhNw="},"chainType":1,"messageKeys":{}}},"pendingPreKey":{"signedKeyId":1,"baseKey":"BaS42i6okMEaJaxyj3itXPCiVUv3EEu9g0WRP+nJB8I5","preKeyId":8}}},"version":"v1"}