{"_sessions":{"BfLDCGq4QaBaWYhZDvNLQUMVhrQtQ+Lp456IOM3R4HcA":{"registrationId":684450161,"currentRatchet":{"ephemeralKeyPair":{"pubKey":"BSPqHSG56Mm8dL2+PFriwimFbSzygHW6l6s/eBAY0AUZ","privKey":"4O0fN5i+kkbDYgwfS+n7aOVNKQgF8lIXBuh9kXqDNkE="},"lastRemoteEphemeralKey":"BRxmUdnbzi1bO8TxA/y9XA7Ds9Cuhp737z87tKRwZLUm","previousCounter":0,"rootKey":"vpOzkB9Wq9L4FbmIpn2lI/SubE6vTkj5YXE4jQLB2r8="},"indexInfo":{"baseKey":"BfLDCGq4QaBaWYhZDvNLQUMVhrQtQ+Lp456IOM3R4HcA","baseKeyType":2,"closed":-1,"used":1755592150819,"created":1755592150819,"remoteIdentityKey":"BZhUu1PdKeRNNBqMGeqgspUvXcgllFwHZKS/oCCUcVwq"},"_chains":{"BRxmUdnbzi1bO8TxA/y9XA7Ds9Cuhp737z87tKRwZLUm":{"chainKey":{"counter":3,"key":"1ct1fxmfeeUNEB9F1t0wy5C9J28YEl/eXPAtDuG9rWw="},"chainType":2,"messageKeys":{}},"BSPqHSG56Mm8dL2+PFriwimFbSzygHW6l6s/eBAY0AUZ":{"chainKey":{"counter":-1,"key":"FZJDi1r0j2kidD3BzQk7eeX5Ix2S57H7fOF+ULJVesY="},"chainType":1,"messageKeys":{}}}}},"version":"v1"}