{"_sessions":{"Bf94oleAXOS7DLGlgs1FWqwRzeYmglQ6BXz79tYJnI4+":{"registrationId":1123658901,"currentRatchet":{"ephemeralKeyPair":{"pubKey":"Bd3CUkn773GkgL4ktMrm7Iskz0eSP/B2knQdA6aMd2ET","privKey":"YLh9F2V0qrxlngI9IQJJLq+zxP1cixUaFzW2L1+UW0c="},"lastRemoteEphemeralKey":"Bf9FrqNjF+DIkTY6Yh4FUSKmbl8zc+daflx1FDa6ddU9","previousCounter":0,"rootKey":"JkK0OOa91/PcH6zHKEsIDhfycWavLngMLsR+Dso8M3g="},"indexInfo":{"baseKey":"Bf94oleAXOS7DLGlgs1FWqwRzeYmglQ6BXz79tYJnI4+","baseKeyType":2,"closed":-1,"used":1755592135657,"created":1755592135657,"remoteIdentityKey":"BaphGXT0JMauEWssKQ0XoC1qlRGgfePUD9otYMAbHRJi"},"_chains":{"Bf9FrqNjF+DIkTY6Yh4FUSKmbl8zc+daflx1FDa6ddU9":{"chainKey":{"counter":2,"key":"gh+v5ehJTEHvRn4veLOmDg5WYQ8nB6Cudt8O3P46M3g="},"chainType":2,"messageKeys":{"0":"uQC0io39G/yl1rE1/Ll+Kn66fC61akWrliGkjLeCOWI=","1":"iprNHC+U0eVkRFh7RHubtz9FGf2p/5JTXM8qUK8uJKg="}},"Bd3CUkn773GkgL4ktMrm7Iskz0eSP/B2knQdA6aMd2ET":{"chainKey":{"counter":-1,"key":"EYVA6E61MCwl22NaurvidMHgoxUVHUJXP58BmQHGFkg="},"chainType":1,"messageKeys":{}}}}},"version":"v1"}