{"_sessions":{"BfVEvjbeNzT2GJmSOwQMM+FjgUkHKlTVOaZdmhBrOdUd":{"registrationId":1758178033,"currentRatchet":{"ephemeralKeyPair":{"pubKey":"BZqm0NZPIaLaBs05dBdtJ3HQ6B6yVVHrgnJ9nIrIqrth","privKey":"sHi6dPZbw0LwN7M0ZWhAVpL3sXmoxRcStiVKNrhWbVs="},"lastRemoteEphemeralKey":"BY0wiX6ZNoKhy6zttLhlkOdRgDD76myLW7mCpT2y+PgF","previousCounter":0,"rootKey":"a2tGAMpRNvyjgExSp0c7Gn5jwm3iLG15FAupRIpinSo="},"indexInfo":{"baseKey":"BfVEvjbeNzT2GJmSOwQMM+FjgUkHKlTVOaZdmhBrOdUd","baseKeyType":2,"closed":-1,"used":1755592134587,"created":1755592134587,"remoteIdentityKey":"BWICfQe1usdaW2Ffyer17ELce72n1cbF30GFALoWeaJI"},"_chains":{"BY0wiX6ZNoKhy6zttLhlkOdRgDD76myLW7mCpT2y+PgF":{"chainKey":{"counter":0,"key":"01T4A6x+QgwdH+4JT7+sne7f/RESx+k5UsZpaZp9Bik="},"chainType":2,"messageKeys":{}},"BZqm0NZPIaLaBs05dBdtJ3HQ6B6yVVHrgnJ9nIrIqrth":{"chainKey":{"counter":-1,"key":"+tCS9gFrrEWoWFefvabcUzOzEfrYgdLi9WmG1UqcxGs="},"chainType":1,"messageKeys":{}}}}},"version":"v1"}