{"_sessions":{"Bczh5tPl2nrhKCfcKrRz2V0luB0uYPXbMzxmdnYYvnBs":{"registrationId":2029107432,"currentRatchet":{"ephemeralKeyPair":{"pubKey":"Bcd2rdmanFMMcF3yf2L4bJ8URnZLnwaz67LnTUJWFO83","privKey":"GHSnVGzp4qV2H/jMGRoA0vMe2oXHCJLiQH6NTCqBr3M="},"lastRemoteEphemeralKey":"BUbFYoh/nIxcR7Rkb8LRgn3r+pR0G6+G9eyYRc00OdsU","previousCounter":0,"rootKey":"Dpsx7xwV0IDjUAO1eD4QzIxO6Uk/x8WQQP91xTCKUBc="},"indexInfo":{"baseKey":"Bczh5tPl2nrhKCfcKrRz2V0luB0uYPXbMzxmdnYYvnBs","baseKeyType":2,"closed":-1,"used":1755587033014,"created":1755587033014,"remoteIdentityKey":"BSx5lpjcyCziLzadaacUucYrsrBiIGaTqhG7EUqVJncE"},"_chains":{"BUbFYoh/nIxcR7Rkb8LRgn3r+pR0G6+G9eyYRc00OdsU":{"chainKey":{"counter":0,"key":"ri9BbOFg6e04bmulb3ZnDBk0Q6xOs+W6wrkogRIK2tM="},"chainType":2,"messageKeys":{}},"Bcd2rdmanFMMcF3yf2L4bJ8URnZLnwaz67LnTUJWFO83":{"chainKey":{"counter":-1,"key":"Cajgqy3ccUdca4XH28QqmjcPAgSGD1K3+2VCHnlHjSQ="},"chainType":1,"messageKeys":{}}}}},"version":"v1"}