{"_sessions":{"BcUCLM2mbcHCnqbkZ6KQ2dvhIBaskTzoadOmZdc1PjcI":{"registrationId":1798395271,"currentRatchet":{"ephemeralKeyPair":{"pubKey":"BZRyHIK0Vbbv3PLhrrb9VxLYPIV4O9ppa/tU7ATZ2QM9","privKey":"aIxmP1MuFcTDaKn98nKL5SjcNFQ3y+IxIU9d+1SzEEI="},"lastRemoteEphemeralKey":"BTlLqBtiF/MwBzwh3toTz3dFfyE26scN0H3dusxsmrpP","previousCounter":0,"rootKey":"homPIQruuB52g0tQbOyVr93ydK+FAgHbI0gfKI2kOB0="},"indexInfo":{"baseKey":"BcUCLM2mbcHCnqbkZ6KQ2dvhIBaskTzoadOmZdc1PjcI","baseKeyType":2,"closed":-1,"used":1755592150442,"created":1755592150442,"remoteIdentityKey":"BSSTmSc6Gnt2uxfcSYDAlhHjWcvvokFojSUHVODG6oFX"},"_chains":{"BTlLqBtiF/MwBzwh3toTz3dFfyE26scN0H3dusxsmrpP":{"chainKey":{"counter":0,"key":"IrBN1h0aaJpwXhcKZmc7FmbECJE9ckxw/6oZZqb0+Z0="},"chainType":2,"messageKeys":{}},"BZRyHIK0Vbbv3PLhrrb9VxLYPIV4O9ppa/tU7ATZ2QM9":{"chainKey":{"counter":-1,"key":"YXbTRLCMiRu2jGGMoK5FOiKlOtM1SncWe4GDoet8y9c="},"chainType":1,"messageKeys":{}}}}},"version":"v1"}