{"_sessions":{"BXsPT+tPDtFpeIqhQYJZjzuisZUGgYz6qV1GCqaQsaFJ":{"registrationId":1910,"currentRatchet":{"ephemeralKeyPair":{"pubKey":"BdLWBUyGgZeJ3XRPPT4C3dHhTp8OfbMEwzgHf8mVOVIz","privKey":"2BIfSr+kpNkSHoCYefVWGx/C5TOktS7CK0dM1i3zuVU="},"lastRemoteEphemeralKey":"BXhSdaFU5+raLptid3XrweXFIbGaz8kXSr4h1HoZsAJz","previousCounter":0,"rootKey":"cqQa+EqI5mg41DxqoKC3oIgStSS9yC17uKsSXnciITk="},"indexInfo":{"baseKey":"BXsPT+tPDtFpeIqhQYJZjzuisZUGgYz6qV1GCqaQsaFJ","baseKeyType":2,"closed":-1,"used":1755592135528,"created":1755592135528,"remoteIdentityKey":"BakgRCeoE9TDpDyEI/FcU2ftFEtxLBFhKW3WpvfZ9NEp"},"_chains":{"BXhSdaFU5+raLptid3XrweXFIbGaz8kXSr4h1HoZsAJz":{"chainKey":{"counter":0,"key":"m4zjzzNxqfyZBVQjldSSxTDEeG3X5/Saok1PlIt6Iw8="},"chainType":2,"messageKeys":{}},"BdLWBUyGgZeJ3XRPPT4C3dHhTp8OfbMEwzgHf8mVOVIz":{"chainKey":{"counter":-1,"key":"afCwUYTuJ3MA4oauIB2vFOSTqdpZIjL+sKpg5aA1UDI="},"chainType":1,"messageKeys":{}}}}},"version":"v1"}