{"_sessions":{"BXd6YGc7memyGP8ng3Z+gobDR55INRjsfCcScLawIqsj":{"registrationId":1112873746,"currentRatchet":{"ephemeralKeyPair":{"pubKey":"Bf6RmtYqEDEGuoHh1ld3a4BXF/xgVOAYYYLafKhSpI0C","privKey":"cDwaP4gAeex9tWbe3LeVnFGynYJQrm/v31YB/BVDXHU="},"lastRemoteEphemeralKey":"BQiUMvgyR83gU8JRCepMqIiOBfo141Yl5SYccW/CdQoI","previousCounter":0,"rootKey":"nn6Ck5lmbp9s4Igakf0z6fziusKjoLO78Rq9hElVdJA="},"indexInfo":{"baseKey":"BXd6YGc7memyGP8ng3Z+gobDR55INRjsfCcScLawIqsj","baseKeyType":2,"closed":-1,"used":1755592135792,"created":1755592135792,"remoteIdentityKey":"BWedRG/W9lpn2P8N1pqJVN2P3zC+YDzwPVLR+s1CTiUk"},"_chains":{"BQiUMvgyR83gU8JRCepMqIiOBfo141Yl5SYccW/CdQoI":{"chainKey":{"counter":0,"key":"ONU6d7rKSTDTjkchTcpQR4uOyRBaxQCdz00K60R5Plg="},"chainType":2,"messageKeys":{}},"Bf6RmtYqEDEGuoHh1ld3a4BXF/xgVOAYYYLafKhSpI0C":{"chainKey":{"counter":-1,"key":"WA3UYQNunN1yjorqVX/mtJPD8zmqaARpq/6yY4TONto="},"chainType":1,"messageKeys":{}}}}},"version":"v1"}