{"_sessions":{"BY5nVuPm7+Ml0DPX7QYWC9XdspijjavTgGv9SFvwvy4C":{"registrationId":1486376204,"currentRatchet":{"ephemeralKeyPair":{"pubKey":"BSvenXeY7D+sWVMr8r3so5kcV3dKvVqvxq2bvtzR2NII","privKey":"2Be6KEVUIBWAd1OqCCt6eJgZ7dNTTnPDl4iCywURFHk="},"lastRemoteEphemeralKey":"BaAZbxqpnfxXENE2mZGaC+kQcRp/FmiOhaycYHrW4aEu","previousCounter":1,"rootKey":"RKm1mmMPXjyoAxswejtfTT1T1cMoubRvomh8H2iw7NY="},"indexInfo":{"baseKey":"BY5nVuPm7+Ml0DPX7QYWC9XdspijjavTgGv9SFvwvy4C","baseKeyType":1,"closed":-1,"used":1755592154185,"created":1755586948059,"remoteIdentityKey":"BRhZHFFMNkGgpt0hNQnour+9fT8yPv23Ud1HbVQ69as1"},"_chains":{"BaAZbxqpnfxXENE2mZGaC+kQcRp/FmiOhaycYHrW4aEu":{"chainKey":{"counter":17,"key":"s62DMcOsWKmWuKS9FUpxo5FDrYpa7+eQ+C7LKMT9C9s="},"chainType":2,"messageKeys":{"0":"4eoVFv01bvrY08tfPdLBMRNrAV6o/DVgCAkgJ5g4CfE=","1":"OFtGbDwhWpaVI0O9f8uHXykzmzwMe/sq/Ztzi0VfkZQ=","2":"ci2hT68R6sSmLvWLwUobfUp3KtCXQ2fGgv70t7QQalE=","3":"ncf6+/fAaiwB0PL2Fsh8++LAUfEiZkWii7jQmPykkGE="}},"BSvenXeY7D+sWVMr8r3so5kcV3dKvVqvxq2bvtzR2NII":{"chainKey":{"counter":1,"key":"MHOYO3mi5W0+1WWsZO1f9fgO2YA5lw7kf+eHCQK3lKw="},"chainType":1,"messageKeys":{}}}}},"version":"v1"}