{"_sessions":{"BdE7dW+QgYIYCyqhJv3XypHyfRiCJcXlAko6gjOAt+9Y":{"registrationId":868653526,"currentRatchet":{"ephemeralKeyPair":{"pubKey":"BdhsgRDKfrr8NX2bsQkR9jYJ4aUJEfylzNCcQv/JPpML","privKey":"qPrGP9+eCL+HtYcCSf/2xSG/AUIUbzjXeeY5tXhXbGM="},"lastRemoteEphemeralKey":"BSCtpwOX5vWEkM9/GzzQBGOzyjxkswltE373Rx/YK3Eo","previousCounter":0,"rootKey":"zw0FB5hdmgTW4oVRfA/3amdz/P/2tbxFRmELeuWZHm4="},"indexInfo":{"baseKey":"BdE7dW+QgYIYCyqhJv3XypHyfRiCJcXlAko6gjOAt+9Y","baseKeyType":2,"closed":-1,"used":1755592152182,"created":1755592152182,"remoteIdentityKey":"BXJaUX9mSwuxWrZjmE7n1tmTM/SOEhwS5/wWdNc5+O1+"},"_chains":{"BSCtpwOX5vWEkM9/GzzQBGOzyjxkswltE373Rx/YK3Eo":{"chainKey":{"counter":1,"key":"3RO3rPmUeS7zr4ok4udkzUfOodMowX/N50HoaAx6CBs="},"chainType":2,"messageKeys":{}},"BdhsgRDKfrr8NX2bsQkR9jYJ4aUJEfylzNCcQv/JPpML":{"chainKey":{"counter":-1,"key":"vpZqf06NPQSBguqyg66yx+koIFeF6UbT+3Pxfd+zrTw="},"chainType":1,"messageKeys":{}}}}},"version":"v1"}