{"_sessions":{"BXDNKX5Mva1jb+68uUhixSim5eE1lLkWcQ/W7ywKjLor":{"registrationId":399451701,"currentRatchet":{"ephemeralKeyPair":{"pubKey":"BdIuL/Le2os95OwJ5tfnXqXYdm/Anwvhnb0H1xceQhwz","privKey":"8EXphoj09t4sWoSoIrlQJHuGMGCu843Q48L+1Paaxls="},"lastRemoteEphemeralKey":"Besy2go3KJJr+OliIhUtGxbsSCRmctapRuirJHKeMIwG","previousCounter":0,"rootKey":"DtcjUsR6hAWiqnEMasSFewdzbY9pt1q/9SJ/bduQJ90="},"indexInfo":{"baseKey":"BXDNKX5Mva1jb+68uUhixSim5eE1lLkWcQ/W7ywKjLor","baseKeyType":2,"closed":-1,"used":1755587276373,"created":1755587276373,"remoteIdentityKey":"BV96ycFNoQQKL2T872MjWn63ELn1BikswGLkJNcxsGUU"},"_chains":{"Besy2go3KJJr+OliIhUtGxbsSCRmctapRuirJHKeMIwG":{"chainKey":{"counter":0,"key":"DjIE+OwX+5xz1EcJTZM+Y/P7r8arQ0hU2mBi2j8xmk4="},"chainType":2,"messageKeys":{}},"BdIuL/Le2os95OwJ5tfnXqXYdm/Anwvhnb0H1xceQhwz":{"chainKey":{"counter":-1,"key":"Qd/6/1EdPoTnq+WYRaNZmRURlS3SX1KjLvrY5kc7ezo="},"chainType":1,"messageKeys":{}}}}},"version":"v1"}