{"_sessions":{"BUF/+B1x7xOOwefzqmKOpt3rzlycShU9s/XklmS8vDFe":{"registrationId":2005116684,"currentRatchet":{"ephemeralKeyPair":{"pubKey":"BQCbprTz1mVTxUXqF5PXiXvTCBDV4EekhDJJWzyCIR4G","privKey":"wP4hXFXAVX9ZLZoSA0vktQ7Cv8eArxTJNGX2o/SKPkA="},"lastRemoteEphemeralKey":"BQsX7BcNOcA/UxJ7DulfCDcivcp6zpmLp3sBL4SC2ss5","previousCounter":0,"rootKey":"FYsyVLujp7y3RafK7f4QUV7VngDssxX6BHV9MbBfwS0="},"indexInfo":{"baseKey":"BUF/+B1x7xOOwefzqmKOpt3rzlycShU9s/XklmS8vDFe","baseKeyType":2,"closed":-1,"used":1755592134560,"created":1755592134560,"remoteIdentityKey":"BcQ3SzauUNyyebyYuLrAY1fwt8E6PnVGpIS+XYyAFOxR"},"_chains":{"BQsX7BcNOcA/UxJ7DulfCDcivcp6zpmLp3sBL4SC2ss5":{"chainKey":{"counter":0,"key":"KfcPWkro1R3qFR7zzW4k7RQPIhmRUusQOIM3jNNmyOA="},"chainType":2,"messageKeys":{}},"BQCbprTz1mVTxUXqF5PXiXvTCBDV4EekhDJJWzyCIR4G":{"chainKey":{"counter":-1,"key":"ocsw4Ck7deh4yLr0HTBllMhP5YuDe5HCKKeV+LadegA="},"chainType":1,"messageKeys":{}}}}},"version":"v1"}