{"_sessions":{"BW4EazMSZah0Miu+MJSAB4xEg6asimzvrYnI7cCqWNce":{"registrationId":856322776,"currentRatchet":{"ephemeralKeyPair":{"pubKey":"Bbzty5ISL0uPEDeAr2kkZzTAUWL9OIB6hRQ1brp2KVwI","privKey":"oLoSs9GVG5TOaMfodXTee0E3k8iThXUHdDedzQuwFWQ="},"lastRemoteEphemeralKey":"BX86mOhAuS7S92gG7k3goV+KkdujHqsYn3vChUz/0BdX","previousCounter":0,"rootKey":"GRp4jDfT+Ty9hCk1Zk9ED/65oaNfVh/2Si7E3smlNf8="},"indexInfo":{"baseKey":"BW4EazMSZah0Miu+MJSAB4xEg6asimzvrYnI7cCqWNce","baseKeyType":2,"closed":-1,"used":1755592145491,"created":1755592145491,"remoteIdentityKey":"Bb0wzxQahammkiniWMZuSkLkytdiQ2dyQvusIs15lUoy"},"_chains":{"BX86mOhAuS7S92gG7k3goV+KkdujHqsYn3vChUz/0BdX":{"chainKey":{"counter":1,"key":"RNTiV9VaXXWwZW3wnYzHC1nS6VSAZHMbiCxMZ/HMNvY="},"chainType":2,"messageKeys":{}},"Bbzty5ISL0uPEDeAr2kkZzTAUWL9OIB6hRQ1brp2KVwI":{"chainKey":{"counter":-1,"key":"csnleruCEC7kN4vt4+xLVdorDFeK+q8Ts/1tc0sysKo="},"chainType":1,"messageKeys":{}}}}},"version":"v1"}