{"_sessions":{"Be1KOF0oJpbZHI3GVINV36oXso9HqC8ZPpiom2cfL9Ex":{"registrationId":1486376204,"currentRatchet":{"ephemeralKeyPair":{"pubKey":"BTUUn/I3DFIeVnP2umoH/ZoQ7O6JGJtol3mn6Fv1BDk7","privKey":"mBklJ32n7R8dUF8P4R6jYRHZHnuI8rBHknAF7db2tVo="},"lastRemoteEphemeralKey":"BTb7O75TMZTRPJaG5xfwFgvt8a6nVRnOKL18DeyX5Yd1","previousCounter":0,"rootKey":"IQbUMcsZ5q4G7NHhYahzy728HpTtWb/rEQMaDpxe2Ng="},"indexInfo":{"baseKey":"Be1KOF0oJpbZHI3GVINV36oXso9HqC8ZPpiom2cfL9Ex","baseKeyType":2,"closed":1755592162073,"used":1755592161885,"created":1755592161885,"remoteIdentityKey":"BRhZHFFMNkGgpt0hNQnour+9fT8yPv23Ud1HbVQ69as1"},"_chains":{"BTb7O75TMZTRPJaG5xfwFgvt8a6nVRnOKL18DeyX5Yd1":{"chainKey":{"counter":0,"key":"EX7hkI5bxlD2DXJ1qO+Izjx9CTgj33DwxgVnRXBvkkU="},"chainType":2,"messageKeys":{}},"BTUUn/I3DFIeVnP2umoH/ZoQ7O6JGJtol3mn6Fv1BDk7":{"chainKey":{"counter":-1,"key":"mZoo44U2hjDoKaffXhXCa/cEsCjJk6qjSq7zhA11aEI="},"chainType":1,"messageKeys":{}}}},"BYcLYU9Y3NViDOYuPZkBQO28QcxsrDgKe/v2LidRylRI":{"registrationId":1486376204,"currentRatchet":{"ephemeralKeyPair":{"pubKey":"BUNsEG+prf6Bru64GlZLQB3PF10fGlx0lMEIh7ON34UN","privKey":"aKt5sfOCwAN6Dces5lzYz45rWzm8U68ORTu5FYR7w1I="},"lastRemoteEphemeralKey":"BeLLTcUPf+89b6/17gW5yQl1SHxYvGVOxYloVmX56MAJ","previousCounter":0,"rootKey":"UjPMSi3g8uVbQj9J4kT/Um7/zs03D76N7mhKC6o66XE="},"indexInfo":{"baseKey":"BYcLYU9Y3NViDOYuPZkBQO28QcxsrDgKe/v2LidRylRI","baseKeyType":2,"closed":1755592163371,"used":1755592162079,"created":1755592162079,"remoteIdentityKey":"BRhZHFFMNkGgpt0hNQnour+9fT8yPv23Ud1HbVQ69as1"},"_chains":{"BeLLTcUPf+89b6/17gW5yQl1SHxYvGVOxYloVmX56MAJ":{"chainKey":{"counter":0,"key":"OpCcvulGXB8+tW+gq3Qv54OzLjTj7pkHjbrSldPpqW4="},"chainType":2,"messageKeys":{}},"BUNsEG+prf6Bru64GlZLQB3PF10fGlx0lMEIh7ON34UN":{"chainKey":{"counter":-1,"key":"FCtbRUkAFSrbpgFE8PTu+eCy6HZobjL8BjIqBg7zNBo="},"chainType":1,"messageKeys":{}}}},"BThdN8Rmuo2rCN3yuWbvsdYO6X60l5ofN6/EgJyGC1w2":{"registrationId":1486376204,"currentRatchet":{"ephemeralKeyPair":{"pubKey":"BbAWrpNmADo/x7omfOooOvJDMa80w2X1lc7C5NXcC0t3","privKey":"8KU34edt/JA+XqVNJnF5OPrKqAVgGhVyAr1QcUgVamo="},"lastRemoteEphemeralKey":"BePwIoHLs+RGjPzch7mTB0pxtRZ3e7MB9/de+Qi4ceNy","previousCounter":0,"rootKey":"NwRDWuryNBMTqlxM6nsqNgISkEHkdV/Hj7a440epmko="},"indexInfo":{"baseKey":"BThdN8Rmuo2rCN3yuWbvsdYO6X60l5ofN6/EgJyGC1w2","baseKeyType":2,"closed":-1,"used":1755592163375,"created":1755592163375,"remoteIdentityKey":"BRhZHFFMNkGgpt0hNQnour+9fT8yPv23Ud1HbVQ69as1"},"_chains":{"BePwIoHLs+RGjPzch7mTB0pxtRZ3e7MB9/de+Qi4ceNy":{"chainKey":{"counter":0,"key":"QdQNWM18M2J5mfOoc5Wbhtg8AuAUHMRoXZdeAHW2ezk="},"chainType":2,"messageKeys":{}},"BbAWrpNmADo/x7omfOooOvJDMa80w2X1lc7C5NXcC0t3":{"chainKey":{"counter":-1,"key":"TizaV9IiJq4uf0UcVtjTXS5uJScUybPTQAydyeK6uro="},"chainType":1,"messageKeys":{}}}}},"version":"v1"}