{"_sessions":{"BZfy40pV2n0iuguM9QuWdJCPBuKeS9+I6X4aE3IOGUo7":{"registrationId":1732722248,"currentRatchet":{"ephemeralKeyPair":{"pubKey":"BTYZkYckWoh9LzAG2U9nT4axMQeMdxdd5gcK9zGqMyUu","privKey":"SNefLzYnJisrJ3V0UjwxaB1ItaCldlOjfatrM2wHZFc="},"lastRemoteEphemeralKey":"BfPiZqGvvcgN6twQmJ838toOT3ljDBfqzHwloP+nzN1A","previousCounter":0,"rootKey":"iWC2kpGJ+ue1m9Vd6/4ImVjV0SggxO4D3LeEiZyVJ14="},"indexInfo":{"baseKey":"BZfy40pV2n0iuguM9QuWdJCPBuKeS9+I6X4aE3IOGUo7","baseKeyType":2,"closed":-1,"used":1755592141029,"created":1755592141029,"remoteIdentityKey":"BY6X7ALoUU6rrvPDdMb9Fdj0SHauI9cWIxBk1ZULPRUB"},"_chains":{"BfPiZqGvvcgN6twQmJ838toOT3ljDBfqzHwloP+nzN1A":{"chainKey":{"counter":0,"key":"t4/PmEn+ebgEvIVADnyNjMT+4t2t+k30ZhJFFTlD4Z4="},"chainType":2,"messageKeys":{}},"BTYZkYckWoh9LzAG2U9nT4axMQeMdxdd5gcK9zGqMyUu":{"chainKey":{"counter":-1,"key":"9sIXBS1eTS4DM01xkkvgxeNklqXbzrqLlWHD4Ri5lLc="},"chainType":1,"messageKeys":{}}}}},"version":"v1"}