{"_sessions":{"BXDcMZm2WSS8m8LGRW/X7pAS8Cy9TEXflNKQigeP92x2":{"registrationId":2012767361,"currentRatchet":{"ephemeralKeyPair":{"pubKey":"BdCnaqtE0a6LkybqjTSiE8OYweaNxO6jLPkr0pL4JnEN","privKey":"YLVzjNdKqs60pVqGy9oAwlozgfcFIk9hc2OS74fkWk0="},"lastRemoteEphemeralKey":"BTmvynU1SENMnN9fEfJW9l228pinwcf7nN/+87fJCo9x","previousCounter":0,"rootKey":"4r/HxLrnFJKHQzhfYX1O2+5r83H2bNoLFZiVvnYh7a0="},"indexInfo":{"baseKey":"BXDcMZm2WSS8m8LGRW/X7pAS8Cy9TEXflNKQigeP92x2","baseKeyType":2,"closed":-1,"used":1755592569679,"created":1755592569679,"remoteIdentityKey":"BXbTz8abgMf394a9j5SOm5Cf5CtkBSfVDHiYbbOtGftD"},"_chains":{"BTmvynU1SENMnN9fEfJW9l228pinwcf7nN/+87fJCo9x":{"chainKey":{"counter":0,"key":"JtRdXD/8qFXOsQ1Piio3juxLdOVNH0FsViXZLDUzheE="},"chainType":2,"messageKeys":{}},"BdCnaqtE0a6LkybqjTSiE8OYweaNxO6jLPkr0pL4JnEN":{"chainKey":{"counter":-1,"key":"uvTYgWgBLucHAJ/o7Knk7VM6M7oI3YE+d2VVu/qUkkc="},"chainType":1,"messageKeys":{}}}}},"version":"v1"}