{"_sessions":{"BRBE+suu286a6UAjBYF5DJN8xA+gcbDMMUJkgcYFZ20e":{"registrationId":1374026347,"currentRatchet":{"ephemeralKeyPair":{"pubKey":"BX0aC0LAwzkCyT+8XkWMHz2TzsYlDFYKv1e01wJcKRZe","privKey":"4CmjCnlTkvY841SJY5vOSlVj4QAHMLdqJLHQBfpLKXI="},"lastRemoteEphemeralKey":"BeArVETnX4CAh1LAm9D68KNwHfeH79kqfVq+HUyqRbhE","previousCounter":0,"rootKey":"vj6QRqRD5a3l8jcjANnJfz9AUyj6X5AR1LjBJdP0hME="},"indexInfo":{"baseKey":"BRBE+suu286a6UAjBYF5DJN8xA+gcbDMMUJkgcYFZ20e","baseKeyType":2,"closed":-1,"used":1755592135930,"created":1755592135930,"remoteIdentityKey":"BZQWLb5jmHcg5eXtBOEIn/SHuTum3SQsE1eo24fU+4d+"},"_chains":{"BeArVETnX4CAh1LAm9D68KNwHfeH79kqfVq+HUyqRbhE":{"chainKey":{"counter":0,"key":"e4K1QtWO9477sXXexJj3onsdMFZbp+hY+dFOZXPO078="},"chainType":2,"messageKeys":{}},"BX0aC0LAwzkCyT+8XkWMHz2TzsYlDFYKv1e01wJcKRZe":{"chainKey":{"counter":-1,"key":"vrV9vt28FHciNYU1nr2gEjwe/sOhZ+yk83M54AEFpAY="},"chainType":1,"messageKeys":{}}}}},"version":"v1"}