{"_sessions":{"BQFMGykudl+DU30uPIKGC/3IjjlYQx0DiT2oTVCyzuk/":{"registrationId":1461037865,"currentRatchet":{"ephemeralKeyPair":{"pubKey":"BZUPlSlRR/rMHE4gleRcfu/2EnNUnESQFlg5/AUA1oot","privKey":"mKJQQNftrUuY7heP5BNmITa7REoeoPq1KjuWTUTUCFU="},"lastRemoteEphemeralKey":"BVWL8E5JrSpR9dIH/0NHN9fBtkLiwsr38u0TOuEEo3o3","previousCounter":0,"rootKey":"0tPw3ReyfcfD7S+O+Wzvzi+2zmNWlWUcWXX3usBAW3M="},"indexInfo":{"baseKey":"BQFMGykudl+DU30uPIKGC/3IjjlYQx0DiT2oTVCyzuk/","baseKeyType":1,"closed":-1,"used":1755586948054,"created":1755586948054,"remoteIdentityKey":"BSTMTAOlxs/kyYFs0igxwTHMU5XpeelJdcYaZonx6coT"},"_chains":{"BZUPlSlRR/rMHE4gleRcfu/2EnNUnESQFlg5/AUA1oot":{"chainKey":{"counter":3,"key":"gZVNLChIVnu7mQW57tJj9v+ktv0gEyscUWaF2kfeAUo="},"chainType":1,"messageKeys":{}}},"pendingPreKey":{"signedKeyId":7,"baseKey":"BQFMGykudl+DU30uPIKGC/3IjjlYQx0DiT2oTVCyzuk/","preKeyId":11794700}}},"version":"v1"}