{"_sessions":{"BdiY10UDHJpra+okLk7mTFTY44a+dYDWVrVOdnEgnSdd":{"registrationId":1085731110,"currentRatchet":{"ephemeralKeyPair":{"pubKey":"BUeq9MvxUVfsgH5yJEkT8Gb/nBon7naFk7b1HaZFwFcK","privKey":"gGa/LnASi6JfieXBApQ6RgYLtxVjQSKeCANut2hC828="},"lastRemoteEphemeralKey":"BelCiW9XBzrAkzexaYlYI3n7EBEis4qLQApJj0VkNocW","previousCounter":0,"rootKey":"FkLQ8K1SSArkEYiyl1gUKPU8ymBXDwmG/yD0k0wam1w="},"indexInfo":{"baseKey":"BdiY10UDHJpra+okLk7mTFTY44a+dYDWVrVOdnEgnSdd","baseKeyType":2,"closed":-1,"used":1755592144815,"created":1755592144815,"remoteIdentityKey":"BRJCQkYtlX3c4XX9oWQBAotW29QkUrcPJcjMSS/D0XkP"},"_chains":{"BelCiW9XBzrAkzexaYlYI3n7EBEis4qLQApJj0VkNocW":{"chainKey":{"counter":0,"key":"e2IUASkjLhv52oYQa3Res6GjQ/kzu4TvCOxwohrJfrY="},"chainType":2,"messageKeys":{}},"BUeq9MvxUVfsgH5yJEkT8Gb/nBon7naFk7b1HaZFwFcK":{"chainKey":{"counter":-1,"key":"carpkto6HsludDrQtnsfb2VXvaFKOJdBuoDBGBte8gQ="},"chainType":1,"messageKeys":{}}}}},"version":"v1"}