{"_sessions":{"BUIsNrC93y4dzfSI7LarbPZT3L5yYy/LSSG00OIcreAE":{"registrationId":1772936229,"currentRatchet":{"ephemeralKeyPair":{"pubKey":"BZ1kCODa0Ss9XSkFAXwWLq/8erFcdQpIV3Y2aTPGK+BD","privKey":"YDJw+tliq6icub0daSv/eE5/Qckmo0V2/kYoh+/y00Q="},"lastRemoteEphemeralKey":"BVCVIGAVxZItr1VjWBVqChwYzSrcOR5k8PpIEBjUaVB/","previousCounter":0,"rootKey":"Ycv6tqGfB0KJa/twvCgFdsqBCjSML37QerTewETWljk="},"indexInfo":{"baseKey":"BUIsNrC93y4dzfSI7LarbPZT3L5yYy/LSSG00OIcreAE","baseKeyType":2,"closed":-1,"used":1755592151141,"created":1755592151141,"remoteIdentityKey":"Bd76X1GhTdEc9CxGnfBtN2zYscIwJNYCw0odnkbOCgI5"},"_chains":{"BVCVIGAVxZItr1VjWBVqChwYzSrcOR5k8PpIEBjUaVB/":{"chainKey":{"counter":0,"key":"FNK51eUVpovEA1gQ/zGYpass78YCWVjVfqvJG9I3/xI="},"chainType":2,"messageKeys":{}},"BZ1kCODa0Ss9XSkFAXwWLq/8erFcdQpIV3Y2aTPGK+BD":{"chainKey":{"counter":-1,"key":"OfaonxbOHh/a1LIIkyTR+aRxXQAyT+pNEXKu6gsnovc="},"chainType":1,"messageKeys":{}}}}},"version":"v1"}