{"_sessions":{"BZrBZZYaupnzN/EiJ3tQjWk7+a0BLzxJXLrFaCa3suIf":{"registrationId":1974394933,"currentRatchet":{"ephemeralKeyPair":{"pubKey":"BXK6gRZPhShAD0zMdervzbSrbOj7XT7zYIuA3DcIERYr","privKey":"6HJjlzVkWvJso6KZ8gpffBMIbS2xgE5cN7JtnbMRPGo="},"lastRemoteEphemeralKey":"BSH4u3oIAXtSXP39iEtf5aQftD/a8hpHKOhH4dmD1OM0","previousCounter":0,"rootKey":"T1x7H1Al56xwpkNT6GJSLCRCrq/hZSI75tDE5qc3ziQ="},"indexInfo":{"baseKey":"BZrBZZYaupnzN/EiJ3tQjWk7+a0BLzxJXLrFaCa3suIf","baseKeyType":2,"closed":-1,"used":1755592134538,"created":1755592134538,"remoteIdentityKey":"BUyeAOprO52EmAuy/D3FU9HYUS7nIluTyiOf8D2DFs1N"},"_chains":{"BSH4u3oIAXtSXP39iEtf5aQftD/a8hpHKOhH4dmD1OM0":{"chainKey":{"counter":1,"key":"TD9IVVkKFuLPYZ3lf7JQ+SKhiH03JC/xXqmvL20CyZI="},"chainType":2,"messageKeys":{}},"BXK6gRZPhShAD0zMdervzbSrbOj7XT7zYIuA3DcIERYr":{"chainKey":{"counter":-1,"key":"qUOH3lekzpPKTZbktsgAXUggYD3DUX0z6rgO5284y/M="},"chainType":1,"messageKeys":{}}}}},"version":"v1"}