{"_sessions":{"BRP8cgYU2RBF7Kkz0jSKmEhNkalskUa3+FdY/UBU0NAB":{"registrationId":979397138,"currentRatchet":{"ephemeralKeyPair":{"pubKey":"BQruKn1xTQeordmpJCcId+5XbKUdQ/wa0cEeQv3XgWZQ","privKey":"WAM70LBlk5cj8W4bDL3k3Yr5Idx8BP0Su9g3MB7uVlQ="},"lastRemoteEphemeralKey":"BVBHhTCIPPsi8kd6/Yz9mD5I/Wgt4oigssUuy4q8VZ0b","previousCounter":0,"rootKey":"jvvtzWAH3x2688gNiOOcU67oOpsmNYO/ZJ9J5uDVc+s="},"indexInfo":{"baseKey":"BRP8cgYU2RBF7Kkz0jSKmEhNkalskUa3+FdY/UBU0NAB","baseKeyType":2,"closed":-1,"used":1755592138658,"created":1755592138658,"remoteIdentityKey":"BZtzvE92ryW1aV57RX5bliOWfbT99BdbG+5t505UiBhv"},"_chains":{"BVBHhTCIPPsi8kd6/Yz9mD5I/Wgt4oigssUuy4q8VZ0b":{"chainKey":{"counter":0,"key":"nVDIlAqhlM28R71xxVBAeQsbFzivKaJnXpI5uDG4RVo="},"chainType":2,"messageKeys":{}},"BQruKn1xTQeordmpJCcId+5XbKUdQ/wa0cEeQv3XgWZQ":{"chainKey":{"counter":-1,"key":"y7L47PonKzVq8N+ViPj7uB4DR+ae99jb1yOlfnZr4/0="},"chainType":1,"messageKeys":{}}}}},"version":"v1"}