{"_sessions":{"BVOhUgraXEOIH4lMNpcE2QeKmRlIHCMejoRpSNpWs2QS":{"registrationId":987932023,"currentRatchet":{"ephemeralKeyPair":{"pubKey":"BRbIGNJKAnTorqC2w1qyn87YpUjJjFA4O0H84AKUOr5L","privKey":"SDTkH+5Jn63Y6xEjEJQlpAghQMQQQnoiQggL9vgnfl4="},"lastRemoteEphemeralKey":"BWKzMqbVZGZyhZciOujdhgrPqrOONYsfAiK/8TsIbbE+","previousCounter":0,"rootKey":"9nDwZKrgBW49MUVetXX+kytpqZ6m0w1bD9I15ylKIAk="},"indexInfo":{"baseKey":"BVOhUgraXEOIH4lMNpcE2QeKmRlIHCMejoRpSNpWs2QS","baseKeyType":2,"closed":-1,"used":1755592190602,"created":1755586947389,"remoteIdentityKey":"BZMAL4fvDnPPxodaoQMoeRgRQ/bY3tdTmIKeJqRNuoBo"},"_chains":{"Bdqldd9yYJdZEUOrVlGZ+eLjy1omWOhYIdDMTTRf+x5X":{"chainKey":{"counter":0},"chainType":2,"messageKeys":{}},"Bfd6vRQCNOBwBp8LQVINQkU5yrHigRh2F3VJXJGCA+B2":{"chainKey":{"counter":0},"chainType":2,"messageKeys":{}},"BeXBQzg4bDiC5V90VKKD63aE3NoSumV0PBeEMU5weZ5C":{"chainKey":{"counter":1},"chainType":2,"messageKeys":{}},"BWKzMqbVZGZyhZciOujdhgrPqrOONYsfAiK/8TsIbbE+":{"chainKey":{"counter":0,"key":"8JJzklZDEoVlev5w3bZOcSSNPEuX2gaXfD3Xjhol/U0="},"chainType":2,"messageKeys":{}},"BRbIGNJKAnTorqC2w1qyn87YpUjJjFA4O0H84AKUOr5L":{"chainKey":{"counter":0,"key":"4TDlCp4hSHXbhVmtFKr69kH3KsN+HtUUycqVyuPqA+Y="},"chainType":1,"messageKeys":{}}}}},"version":"v1"}