{"_sessions":{"BUeo9Qi56PN4Oi5BPLh9O2hdTAPY+pITifk3giLhPD8y":{"registrationId":12598,"currentRatchet":{"ephemeralKeyPair":{"pubKey":"BYUjoNKHF3msXBij+AbzSvFieSGP0DOA3FKhqpmFVdMX","privKey":"EOzqIkBJKzcqtwFu8u5fg1U+y1xKjElGQTWzLXVBl1c="},"lastRemoteEphemeralKey":"BYfG+fTDW86QllpLiO8aDWDOh3uYFA8qg47rOIPg30sH","previousCounter":0,"rootKey":"xuE1jcFQ3eqykAZCzgPSkvr3nhHbVF07DiUOTwVY56Y="},"indexInfo":{"baseKey":"BUeo9Qi56PN4Oi5BPLh9O2hdTAPY+pITifk3giLhPD8y","baseKeyType":2,"closed":-1,"used":1755592135597,"created":1755592135597,"remoteIdentityKey":"Be/4zAYWxgeti3p0MWMGeYjGi6iQb0E0wWnvghzmOI4Q"},"_chains":{"BYfG+fTDW86QllpLiO8aDWDOh3uYFA8qg47rOIPg30sH":{"chainKey":{"counter":2,"key":"/vEX/esORcGX/C6HN0t0YUTOY+Meliu4oa8CDufrwrE="},"chainType":2,"messageKeys":{}},"BYUjoNKHF3msXBij+AbzSvFieSGP0DOA3FKhqpmFVdMX":{"chainKey":{"counter":-1,"key":"HhBFGpc4yfjjjd5vC//leEPqcEqksl/6CM1ZaTa8HMw="},"chainType":1,"messageKeys":{}}}}},"version":"v1"}