{"_sessions":{"BTMiA59Ox47ovFxUsAsXE5AA17lSdYLiGYGsoqBWP4Mv":{"registrationId":490533536,"currentRatchet":{"ephemeralKeyPair":{"pubKey":"BZ3IkJVXgYsbRN+djmJRS74UDeatrMrVaoGxv0OzodBm","privKey":"iLbLP+PEcs1vc58nYovctdZLE3pcGL4s4BgAjccg+lg="},"lastRemoteEphemeralKey":"BYUr7wZWdqKpxfqyoo8l2Yd7Q78zDekFl6doF1sMmUJQ","previousCounter":0,"rootKey":"vX/vWTK0pMHSRAogx/SI/S51TikKV+J1C194XRt/xH4="},"indexInfo":{"baseKey":"BTMiA59Ox47ovFxUsAsXE5AA17lSdYLiGYGsoqBWP4Mv","baseKeyType":2,"closed":-1,"used":1755592135617,"created":1755592135617,"remoteIdentityKey":"BRZgh84D9JGxlRU4HktMr/PrMYDODA1oTa2L2JDNSwV8"},"_chains":{"BYUr7wZWdqKpxfqyoo8l2Yd7Q78zDekFl6doF1sMmUJQ":{"chainKey":{"counter":1,"key":"5wz2D81+wpRMOyIImmxdKgXJ1kgPV54IssRprbq73ls="},"chainType":2,"messageKeys":{}},"BZ3IkJVXgYsbRN+djmJRS74UDeatrMrVaoGxv0OzodBm":{"chainKey":{"counter":-1,"key":"di+lpFx3+jZAvnzLtcTNuGX4jecASPWGbBPvgO5N5fk="},"chainType":1,"messageKeys":{}}}}},"version":"v1"}