{"_sessions":{"BZ9dQBa9O/JrITpcycWqayzrAiCpJs9PnjSMqdy7nkgv":{"registrationId":193193792,"currentRatchet":{"ephemeralKeyPair":{"pubKey":"BVaffcsJtn1tvLQ4lnuREBjMuELu8V3Gv+A+zliHs4p7","privKey":"eDZ1SPza11xsDJNwQrTxJxeMYqjuvGfCN1wx9pPGw28="},"lastRemoteEphemeralKey":"BWV8cb3pENGkqKud7z0/hG8CimkUdJwy1v5QHMWBP/dL","previousCounter":0,"rootKey":"kfISZenqQeeEiynLk+SdjgYSIg0eN6OpMLCK2RP9RQ4="},"indexInfo":{"baseKey":"BZ9dQBa9O/JrITpcycWqayzrAiCpJs9PnjSMqdy7nkgv","baseKeyType":2,"closed":-1,"used":1755592150416,"created":1755592150416,"remoteIdentityKey":"BVBAjUIya54V8IaDaJVvIhJn1eRMNUqOsaXy95rAgelg"},"_chains":{"BWV8cb3pENGkqKud7z0/hG8CimkUdJwy1v5QHMWBP/dL":{"chainKey":{"counter":0,"key":"fCZaFeeSVF8diOcuCQyHOvebMOFUWdu2EwLTdyqoBDI="},"chainType":2,"messageKeys":{}},"BVaffcsJtn1tvLQ4lnuREBjMuELu8V3Gv+A+zliHs4p7":{"chainKey":{"counter":-1,"key":"vUvHzxVngGRgLX1bxAdCWpkw4evDnxPTzFs+Aa0R1rI="},"chainType":1,"messageKeys":{}}}}},"version":"v1"}