{"_sessions":{"Bb61qMDJZHzrWQXFLfGxLCHdqLK/vocLy9NSK++IeCBG":{"registrationId":253317639,"currentRatchet":{"ephemeralKeyPair":{"pubKey":"BYD4i+GuW8qI8OD/ctCyeO8xXi5FAfWs9YnRoauEMsUr","privKey":"cFJ0ITI1YvgfK5j25AJRJwrZOYxYXnEd/V88Cg3MzXI="},"lastRemoteEphemeralKey":"BTmqC+AgP93FOs1ScmJtBWmnHqZo3u4E29T8vDK19hQV","previousCounter":0,"rootKey":"fDYVKYJpoSLKu/tT1qcCjTK50x2ogbvkXSyFCp0VXI4="},"indexInfo":{"baseKey":"Bb61qMDJZHzrWQXFLfGxLCHdqLK/vocLy9NSK++IeCBG","baseKeyType":2,"closed":-1,"used":1755586843920,"created":1755586843920,"remoteIdentityKey":"BVjCk7lmA7qpEMAeDDsMs5nLEx/zS8d2ChpyTgWvDPZS"},"_chains":{"BTmqC+AgP93FOs1ScmJtBWmnHqZo3u4E29T8vDK19hQV":{"chainKey":{"counter":2,"key":"2uYmJMn3jwAKhqtW6wRya3QIh2RosLi+o/e4AoFKKbM="},"chainType":2,"messageKeys":{}},"BYD4i+GuW8qI8OD/ctCyeO8xXi5FAfWs9YnRoauEMsUr":{"chainKey":{"counter":-1,"key":"AOdcPAB+mPtrOhbWfigxgm/wZNh1bkdij4nGfJpENCU="},"chainType":1,"messageKeys":{}}}}},"version":"v1"}