{"_sessions":{"BY1bUUeyTHqt3xaJecOPKjopajPgBMhjjt/8k35uugcG":{"registrationId":666894367,"currentRatchet":{"ephemeralKeyPair":{"pubKey":"BdD/U5FGfpogsTBGabGleRZGePFG+yWYLW3r9yeqOipG","privKey":"WKtau/Qq4NUU2UdvwCRXTRKu/hiR4ewJRHVr8PvXH1I="},"lastRemoteEphemeralKey":"BT65B6hphRt6BOq7otD/xHg+GIlZb8bae/2UyT8b8uJG","previousCounter":0,"rootKey":"Mzi0o4Ucf2ogyuxM5ZAg0YH4c3Iahvdj+KSAyYd6kWQ="},"indexInfo":{"baseKey":"BY1bUUeyTHqt3xaJecOPKjopajPgBMhjjt/8k35uugcG","baseKeyType":2,"closed":-1,"used":1755592135835,"created":1755592135835,"remoteIdentityKey":"BZgNO587z6wL+svIkN1nc35/hhAAurQMOCuBlrz1yrNf"},"_chains":{"BT65B6hphRt6BOq7otD/xHg+GIlZb8bae/2UyT8b8uJG":{"chainKey":{"counter":0,"key":"Tl31lO399lUtQWaSxkkp/mu8+eg+5tmM7wjII1TsXoE="},"chainType":2,"messageKeys":{}},"BdD/U5FGfpogsTBGabGleRZGePFG+yWYLW3r9yeqOipG":{"chainKey":{"counter":-1,"key":"STh1kDk7lbe9B+vL+CiLHN+grjRPDJ5TSX2lP7192QQ="},"chainType":1,"messageKeys":{}}}}},"version":"v1"}