{"_sessions":{"BbHLpgcDFVRjqATdbZE1J4T3Jr92bmC+TYuVm4sieDVp":{"registrationId":554297322,"currentRatchet":{"ephemeralKeyPair":{"pubKey":"BZBFHRU9d7ACfqW0dg7har+wAGW2gDOYSOul0cYrmTQY","privKey":"iEfwu1lmA938t5ZmnVitr8QnFAGfuTjepXE+3yWZLVI="},"lastRemoteEphemeralKey":"BexlytkVPy4TQ+zDhBVxfEeaZc30cdYIKC1Z50BUmApp","previousCounter":0,"rootKey":"aKYd71h7riUIzecsQtPLAqirgzIDQb+ad63ktLIpqlE="},"indexInfo":{"baseKey":"BbHLpgcDFVRjqATdbZE1J4T3Jr92bmC+TYuVm4sieDVp","baseKeyType":2,"closed":-1,"used":1755592135574,"created":1755592135574,"remoteIdentityKey":"BRJFemPqVOm6hjIi/f2iJVB3EiUXwhAGxMkBsD7xSIs3"},"_chains":{"BexlytkVPy4TQ+zDhBVxfEeaZc30cdYIKC1Z50BUmApp":{"chainKey":{"counter":19,"key":"EaoOjbPvfdW3OzPLM72MREU2CeCEyRCiPUoFAxG9cPo="},"chainType":2,"messageKeys":{"14":"9MbK1Z+I6eBLNEROutQEnIKZGdTgrpZItWdWi6zdstM="}},"BZBFHRU9d7ACfqW0dg7har+wAGW2gDOYSOul0cYrmTQY":{"chainKey":{"counter":-1,"key":"AzPv4jY2NfEMuA1viMnMrs2d4tY1ESySb/bEyLqWjYI="},"chainType":1,"messageKeys":{}}}}},"version":"v1"}