{"_sessions":{"BQobxsI7HdR63jIx9HVyI0StRcgbRITqinNxNkhY3C4y":{"registrationId":1695444917,"currentRatchet":{"ephemeralKeyPair":{"pubKey":"BUIqDT+5leh9tM+yIOsQHC8f7DfSynmzH0GoAfDjVTFb","privKey":"uFMpwCJrkDWE1JjYY73gMSix2G53w8UYCu6bJmOaelA="},"lastRemoteEphemeralKey":"BWRZruJ2KDGLPztgGHHDh6bt1Ap3WgOzj2QUvTjjRJNe","previousCounter":0,"rootKey":"dVKRgRKMBSn1j2H72rqAzu3Ffa0RMtGPSfNSI3pqjBg="},"indexInfo":{"baseKey":"BQobxsI7HdR63jIx9HVyI0StRcgbRITqinNxNkhY3C4y","baseKeyType":1,"closed":-1,"used":1755586948063,"created":1755586948063,"remoteIdentityKey":"Bfi6ZXjz2pH43DiugsAB9/qOMNx1C54MnjIW9Equa1kl"},"_chains":{"BUIqDT+5leh9tM+yIOsQHC8f7DfSynmzH0GoAfDjVTFb":{"chainKey":{"counter":3,"key":"zDcbEH0rHZ2591nfcQ9hwBbq3mD9drXEgpPeLSCIacc="},"chainType":1,"messageKeys":{}}},"pendingPreKey":{"signedKeyId":21,"baseKey":"BQobxsI7HdR63jIx9HVyI0StRcgbRITqinNxNkhY3C4y","preKeyId":3801}}},"version":"v1"}