{"_sessions":{"BS+4t9uQB71tElNe0jsRDMX4u7CfMFp3gDN/EcSlZkt1":{"registrationId":1853680679,"currentRatchet":{"ephemeralKeyPair":{"pubKey":"BYibsDw5USq14oxnmKfBxElsQnijyNGkaqTTOedyD8RO","privKey":"GHB7Ri4pjAlPieyLFZFEmOTMZw3ukqc1s00wLs1m+F4="},"lastRemoteEphemeralKey":"BVsKCjcPYWIl32I232Jk27St/YEh5ez9vDFCLl8U2FJK","previousCounter":0,"rootKey":"oKLI02wucI9N6aV95ohyKCFQvcIVUeKvVV6kkDQ7kVs="},"indexInfo":{"baseKey":"BS+4t9uQB71tElNe0jsRDMX4u7CfMFp3gDN/EcSlZkt1","baseKeyType":2,"closed":-1,"used":1755587282603,"created":1755587282603,"remoteIdentityKey":"BbOsG3Xpypd9E/uCuc1Gdq62QXyuLosydj8voQnBnotS"},"_chains":{"BVsKCjcPYWIl32I232Jk27St/YEh5ez9vDFCLl8U2FJK":{"chainKey":{"counter":4,"key":"QAHxS3nOVBLOcHJs5lDVC9b3072YBumc/goqqNTPKw8="},"chainType":2,"messageKeys":{"2":"ZrbW0JKf1zi9+iggUa5wWf15jXGk4kPy6DCZvLEDjAU="}},"BYibsDw5USq14oxnmKfBxElsQnijyNGkaqTTOedyD8RO":{"chainKey":{"counter":-1,"key":"3JOGHrBXe5gHKlS2eOr8JZn4bkZDNKgogHSBp+1kG5Y="},"chainType":1,"messageKeys":{}}}}},"version":"v1"}